[2024-07-18 14:16:21 +0000] [44293] [INFO] Starting gunicorn 21.2.0
[2024-07-18 14:16:21 +0000] [44293] [ERROR] Connection in use: ('0', 8000)
[2024-07-18 14:16:21 +0000] [44293] [ERROR] Retrying in 1 second.
[2024-07-18 14:16:22 +0000] [44293] [ERROR] Connection in use: ('0', 8000)
[2024-07-18 14:16:22 +0000] [44293] [ERROR] Retrying in 1 second.
[2024-07-18 14:16:23 +0000] [44293] [ERROR] Connection in use: ('0', 8000)
[2024-07-18 14:16:23 +0000] [44293] [ERROR] Retrying in 1 second.
[2024-07-18 14:16:24 +0000] [44293] [ERROR] Connection in use: ('0', 8000)
[2024-07-18 14:16:24 +0000] [44293] [ERROR] Retrying in 1 second.
[2024-07-18 14:16:25 +0000] [44293] [ERROR] Connection in use: ('0', 8000)
[2024-07-18 14:16:25 +0000] [44293] [ERROR] Retrying in 1 second.
[2024-07-18 14:16:26 +0000] [44293] [ERROR] Can't connect to ('0', 8000)
[2024-07-18 14:17:38 +0000] [44328] [INFO] Starting gunicorn 21.2.0
[2024-07-18 14:17:38 +0000] [44328] [INFO] Listening at: http://0.0.0.0:8000 (44328)
[2024-07-18 14:17:38 +0000] [44328] [INFO] Using worker: sync
[2024-07-18 14:17:38 +0000] [44329] [INFO] Booting worker with pid: 44329
[2024-07-18 14:17:38 +0000] [44330] [INFO] Booting worker with pid: 44330
[2024-07-18 23:27:23 +0900] [44330] [INFO] Worker exiting (pid: 44330)
[2024-07-18 14:27:24 +0000] [44328] [INFO] Handling signal: term
[2024-07-18 23:27:24 +0900] [44329] [INFO] Worker exiting (pid: 44329)
[2024-07-18 14:27:24 +0000] [44328] [ERROR] Worker (pid:44330) was sent SIGTERM!
[2024-07-18 14:27:24 +0000] [44328] [INFO] Shutting down: Master
[2024-07-18 14:27:24 +0000] [44492] [INFO] Starting gunicorn 21.2.0
[2024-07-18 14:27:24 +0000] [44492] [INFO] Listening at: http://0.0.0.0:8000 (44492)
[2024-07-18 14:27:24 +0000] [44492] [INFO] Using worker: sync
[2024-07-18 14:27:24 +0000] [44495] [INFO] Booting worker with pid: 44495
[2024-07-18 14:27:24 +0000] [44496] [INFO] Booting worker with pid: 44496
[2024-07-18 15:57:11 +0000] [44492] [CRITICAL] WORKER TIMEOUT (pid:44496)
[2024-07-19 00:57:11 +0900] [44496] [INFO] Worker exiting (pid: 44496)
[2024-07-18 15:57:11 +0000] [44492] [ERROR] Worker (pid:44496) exited with code 1
[2024-07-18 15:57:11 +0000] [44492] [ERROR] Worker (pid:44496) exited with code 1.
[2024-07-18 15:57:11 +0000] [44579] [INFO] Booting worker with pid: 44579
[2024-07-18 15:57:42 +0000] [44492] [CRITICAL] WORKER TIMEOUT (pid:44495)
[2024-07-19 00:57:42 +0900] [44495] [INFO] Worker exiting (pid: 44495)
[2024-07-18 15:57:43 +0000] [44492] [ERROR] Worker (pid:44495) exited with code 1
[2024-07-18 15:57:43 +0000] [44492] [ERROR] Worker (pid:44495) exited with code 1.
[2024-07-18 15:57:43 +0000] [44580] [INFO] Booting worker with pid: 44580
[2024-07-18 19:08:39 +0000] [44492] [CRITICAL] WORKER TIMEOUT (pid:44579)
[2024-07-19 04:08:39 +0900] [44579] [INFO] Worker exiting (pid: 44579)
[2024-07-18 19:08:39 +0000] [44492] [ERROR] Worker (pid:44579) exited with code 1
[2024-07-18 19:08:39 +0000] [44492] [ERROR] Worker (pid:44579) exited with code 1.
[2024-07-18 19:08:39 +0000] [44705] [INFO] Booting worker with pid: 44705
[2024-07-18 19:09:10 +0000] [44492] [CRITICAL] WORKER TIMEOUT (pid:44580)
[2024-07-19 04:09:10 +0900] [44580] [INFO] Worker exiting (pid: 44580)
[2024-07-18 19:09:10 +0000] [44492] [ERROR] Worker (pid:44580) exited with code 1
[2024-07-18 19:09:10 +0000] [44492] [ERROR] Worker (pid:44580) exited with code 1.
[2024-07-18 19:09:10 +0000] [44706] [INFO] Booting worker with pid: 44706
[2024-07-20 10:45:40 +0900] [44705] [WARNING] Invalid request from ip=185.170.144.3: Invalid HTTP request line: '\x03\x00\x00/*à\x00\x00\x00\x00\x00Cookie: mstshash=Administr'
[2024-07-20 18:19:21 +0900] [44706] [INFO] Worker exiting (pid: 44706)
[2024-07-20 09:19:21 +0000] [44492] [INFO] Handling signal: term
[2024-07-20 18:19:21 +0900] [44705] [INFO] Worker exiting (pid: 44705)
[2024-07-20 09:19:21 +0000] [44492] [ERROR] Worker (pid:44706) was sent SIGTERM!
[2024-07-20 09:19:21 +0000] [44492] [INFO] Shutting down: Master
[2024-07-20 09:19:21 +0000] [56867] [INFO] Starting gunicorn 21.2.0
[2024-07-20 09:19:21 +0000] [56867] [INFO] Listening at: http://0.0.0.0:8000 (56867)
[2024-07-20 09:19:21 +0000] [56867] [INFO] Using worker: sync
[2024-07-20 09:19:21 +0000] [56869] [INFO] Booting worker with pid: 56869
[2024-07-20 09:19:21 +0000] [56870] [INFO] Booting worker with pid: 56870
[2024-07-20 18:20:52 +0900] [56869] [ERROR] Error handling request /accounts/sign-in/
Traceback (most recent call last):
  File "/usr/local/lib/python3.10/dist-packages/django/core/handlers/exception.py", line 55, in inner
    response = get_response(request)
  File "/usr/local/lib/python3.10/dist-packages/django/core/handlers/base.py", line 181, in _get_response
    callback, callback_args, callback_kwargs = self.resolve_request(request)
  File "/usr/local/lib/python3.10/dist-packages/django/core/handlers/base.py", line 313, in resolve_request
    resolver_match = resolver.resolve(request.path_info)
  File "/usr/local/lib/python3.10/dist-packages/django/urls/resolvers.py", line 663, in resolve
    for pattern in self.url_patterns:
  File "/usr/local/lib/python3.10/dist-packages/django/utils/functional.py", line 57, in __get__
    res = instance.__dict__[self.name] = self.func(instance)
  File "/usr/local/lib/python3.10/dist-packages/django/urls/resolvers.py", line 715, in url_patterns
    patterns = getattr(self.urlconf_module, "urlpatterns", self.urlconf_module)
  File "/usr/local/lib/python3.10/dist-packages/django/utils/functional.py", line 57, in __get__
    res = instance.__dict__[self.name] = self.func(instance)
  File "/usr/local/lib/python3.10/dist-packages/django/urls/resolvers.py", line 708, in urlconf_module
    return import_module(self.urlconf_name)
  File "/usr/lib/python3.10/importlib/__init__.py", line 126, in import_module
    return _bootstrap._gcd_import(name[level:], package, level)
  File "<frozen importlib._bootstrap>", line 1050, in _gcd_import
  File "<frozen importlib._bootstrap>", line 1027, in _find_and_load
  File "<frozen importlib._bootstrap>", line 1006, in _find_and_load_unlocked
  File "<frozen importlib._bootstrap>", line 688, in _load_unlocked
  File "<frozen importlib._bootstrap_external>", line 883, in exec_module
  File "<frozen importlib._bootstrap>", line 241, in _call_with_frames_removed
  File "/home/ubuntu/BEERBUDDY/dkfriend-backend-latest/dkfriend_back/dkfriend_back/urls.py", line 28, in <module>
    path("bookings/", include("booking.urls")),
  File "/usr/local/lib/python3.10/dist-packages/django/urls/conf.py", line 38, in include
    urlconf_module = import_module(urlconf_module)
  File "/usr/lib/python3.10/importlib/__init__.py", line 126, in import_module
    return _bootstrap._gcd_import(name[level:], package, level)
  File "<frozen importlib._bootstrap>", line 1050, in _gcd_import
  File "<frozen importlib._bootstrap>", line 1027, in _find_and_load
  File "<frozen importlib._bootstrap>", line 1006, in _find_and_load_unlocked
  File "<frozen importlib._bootstrap>", line 688, in _load_unlocked
  File "<frozen importlib._bootstrap_external>", line 883, in exec_module
  File "<frozen importlib._bootstrap>", line 241, in _call_with_frames_removed
  File "/home/ubuntu/BEERBUDDY/dkfriend-backend-latest/dkfriend_back/booking/urls.py", line 3, in <module>
    from .views import *
  File "/home/ubuntu/BEERBUDDY/dkfriend-backend-latest/dkfriend_back/booking/views.py", line 48
    request.data["user"] = request.user.id
    ^^^^^^^
IndentationError: expected an indented block after function definition on line 47

During handling of the above exception, another exception occurred:

Traceback (most recent call last):
  File "/usr/local/lib/python3.10/dist-packages/django/core/handlers/exception.py", line 55, in inner
    response = get_response(request)
  File "/usr/local/lib/python3.10/dist-packages/django/utils/deprecation.py", line 134, in __call__
    response = response or self.get_response(request)
  File "/usr/local/lib/python3.10/dist-packages/django/core/handlers/exception.py", line 57, in inner
    response = response_for_exception(request, exc)
  File "/usr/local/lib/python3.10/dist-packages/django/core/handlers/exception.py", line 140, in response_for_exception
    response = handle_uncaught_exception(
  File "/usr/local/lib/python3.10/dist-packages/django/core/handlers/exception.py", line 181, in handle_uncaught_exception
    return debug.technical_500_response(request, *exc_info)
  File "/usr/local/lib/python3.10/dist-packages/django/views/debug.py", line 67, in technical_500_response
    html = reporter.get_traceback_html()
  File "/usr/local/lib/python3.10/dist-packages/django/views/debug.py", line 410, in get_traceback_html
    c = Context(self.get_traceback_data(), use_l10n=False)
  File "/usr/local/lib/python3.10/dist-packages/django/views/debug.py", line 393, in get_traceback_data
    c["raising_view_name"] = get_caller(self.request)
  File "/usr/local/lib/python3.10/dist-packages/django/views/debug.py", line 100, in get_caller
    resolver_match = resolve(request.path)
  File "/usr/local/lib/python3.10/dist-packages/django/urls/base.py", line 24, in resolve
    return get_resolver(urlconf).resolve(path)
  File "/usr/local/lib/python3.10/dist-packages/django/urls/resolvers.py", line 663, in resolve
    for pattern in self.url_patterns:
  File "/usr/local/lib/python3.10/dist-packages/django/utils/functional.py", line 57, in __get__
    res = instance.__dict__[self.name] = self.func(instance)
  File "/usr/local/lib/python3.10/dist-packages/django/urls/resolvers.py", line 715, in url_patterns
    patterns = getattr(self.urlconf_module, "urlpatterns", self.urlconf_module)
  File "/usr/local/lib/python3.10/dist-packages/django/utils/functional.py", line 57, in __get__
    res = instance.__dict__[self.name] = self.func(instance)
  File "/usr/local/lib/python3.10/dist-packages/django/urls/resolvers.py", line 708, in urlconf_module
    return import_module(self.urlconf_name)
  File "/usr/lib/python3.10/importlib/__init__.py", line 126, in import_module
    return _bootstrap._gcd_import(name[level:], package, level)
  File "<frozen importlib._bootstrap>", line 1050, in _gcd_import
  File "<frozen importlib._bootstrap>", line 1027, in _find_and_load
  File "<frozen importlib._bootstrap>", line 1006, in _find_and_load_unlocked
  File "<frozen importlib._bootstrap>", line 688, in _load_unlocked
  File "<frozen importlib._bootstrap_external>", line 883, in exec_module
  File "<frozen importlib._bootstrap>", line 241, in _call_with_frames_removed
  File "/home/ubuntu/BEERBUDDY/dkfriend-backend-latest/dkfriend_back/dkfriend_back/urls.py", line 28, in <module>
    path("bookings/", include("booking.urls")),
  File "/usr/local/lib/python3.10/dist-packages/django/urls/conf.py", line 38, in include
    urlconf_module = import_module(urlconf_module)
  File "/usr/lib/python3.10/importlib/__init__.py", line 126, in import_module
    return _bootstrap._gcd_import(name[level:], package, level)
  File "<frozen importlib._bootstrap>", line 1050, in _gcd_import
  File "<frozen importlib._bootstrap>", line 1027, in _find_and_load
  File "<frozen importlib._bootstrap>", line 1006, in _find_and_load_unlocked
  File "<frozen importlib._bootstrap>", line 688, in _load_unlocked
  File "<frozen importlib._bootstrap_external>", line 883, in exec_module
  File "<frozen importlib._bootstrap>", line 241, in _call_with_frames_removed
  File "/home/ubuntu/BEERBUDDY/dkfriend-backend-latest/dkfriend_back/booking/urls.py", line 3, in <module>
    from .views import *
  File "/home/ubuntu/BEERBUDDY/dkfriend-backend-latest/dkfriend_back/booking/views.py", line 48
    request.data["user"] = request.user.id
    ^^^^^^^
IndentationError: expected an indented block after function definition on line 47

During handling of the above exception, another exception occurred:

Traceback (most recent call last):
  File "/usr/local/lib/python3.10/dist-packages/django/core/handlers/exception.py", line 55, in inner
    response = get_response(request)
  File "/usr/local/lib/python3.10/dist-packages/django/utils/deprecation.py", line 134, in __call__
    response = response or self.get_response(request)
  File "/usr/local/lib/python3.10/dist-packages/django/core/handlers/exception.py", line 57, in inner
    response = response_for_exception(request, exc)
  File "/usr/local/lib/python3.10/dist-packages/django/core/handlers/exception.py", line 140, in response_for_exception
    response = handle_uncaught_exception(
  File "/usr/local/lib/python3.10/dist-packages/django/core/handlers/exception.py", line 181, in handle_uncaught_exception
    return debug.technical_500_response(request, *exc_info)
  File "/usr/local/lib/python3.10/dist-packages/django/views/debug.py", line 67, in technical_500_response
    html = reporter.get_traceback_html()
  File "/usr/local/lib/python3.10/dist-packages/django/views/debug.py", line 410, in get_traceback_html
    c = Context(self.get_traceback_data(), use_l10n=False)
  File "/usr/local/lib/python3.10/dist-packages/django/views/debug.py", line 393, in get_traceback_data
    c["raising_view_name"] = get_caller(self.request)
  File "/usr/local/lib/python3.10/dist-packages/django/views/debug.py", line 100, in get_caller
    resolver_match = resolve(request.path)
  File "/usr/local/lib/python3.10/dist-packages/django/urls/base.py", line 24, in resolve
    return get_resolver(urlconf).resolve(path)
  File "/usr/local/lib/python3.10/dist-packages/django/urls/resolvers.py", line 663, in resolve
    for pattern in self.url_patterns:
  File "/usr/local/lib/python3.10/dist-packages/django/utils/functional.py", line 57, in __get__
    res = instance.__dict__[self.name] = self.func(instance)
  File "/usr/local/lib/python3.10/dist-packages/django/urls/resolvers.py", line 715, in url_patterns
    patterns = getattr(self.urlconf_module, "urlpatterns", self.urlconf_module)
  File "/usr/local/lib/python3.10/dist-packages/django/utils/functional.py", line 57, in __get__
    res = instance.__dict__[self.name] = self.func(instance)
  File "/usr/local/lib/python3.10/dist-packages/django/urls/resolvers.py", line 708, in urlconf_module
    return import_module(self.urlconf_name)
  File "/usr/lib/python3.10/importlib/__init__.py", line 126, in import_module
    return _bootstrap._gcd_import(name[level:], package, level)
  File "<frozen importlib._bootstrap>", line 1050, in _gcd_import
  File "<frozen importlib._bootstrap>", line 1027, in _find_and_load
  File "<frozen importlib._bootstrap>", line 1006, in _find_and_load_unlocked
  File "<frozen importlib._bootstrap>", line 688, in _load_unlocked
  File "<frozen importlib._bootstrap_external>", line 883, in exec_module
  File "<frozen importlib._bootstrap>", line 241, in _call_with_frames_removed
  File "/home/ubuntu/BEERBUDDY/dkfriend-backend-latest/dkfriend_back/dkfriend_back/urls.py", line 28, in <module>
    path("bookings/", include("booking.urls")),
  File "/usr/local/lib/python3.10/dist-packages/django/urls/conf.py", line 38, in include
    urlconf_module = import_module(urlconf_module)
  File "/usr/lib/python3.10/importlib/__init__.py", line 126, in import_module
    return _bootstrap._gcd_import(name[level:], package, level)
  File "<frozen importlib._bootstrap>", line 1050, in _gcd_import
  File "<frozen importlib._bootstrap>", line 1027, in _find_and_load
  File "<frozen importlib._bootstrap>", line 1006, in _find_and_load_unlocked
  File "<frozen importlib._bootstrap>", line 688, in _load_unlocked
  File "<frozen importlib._bootstrap_external>", line 883, in exec_module
  File "<frozen importlib._bootstrap>", line 241, in _call_with_frames_removed
  File "/home/ubuntu/BEERBUDDY/dkfriend-backend-latest/dkfriend_back/booking/urls.py", line 3, in <module>
    from .views import *
  File "/home/ubuntu/BEERBUDDY/dkfriend-backend-latest/dkfriend_back/booking/views.py", line 48
    request.data["user"] = request.user.id
    ^^^^^^^
IndentationError: expected an indented block after function definition on line 47

During handling of the above exception, another exception occurred:

Traceback (most recent call last):
  File "/usr/local/lib/python3.10/dist-packages/django/core/handlers/exception.py", line 55, in inner
    response = get_response(request)
  File "/usr/local/lib/python3.10/dist-packages/django/utils/deprecation.py", line 134, in __call__
    response = response or self.get_response(request)
  File "/usr/local/lib/python3.10/dist-packages/django/core/handlers/exception.py", line 57, in inner
    response = response_for_exception(request, exc)
  File "/usr/local/lib/python3.10/dist-packages/django/core/handlers/exception.py", line 140, in response_for_exception
    response = handle_uncaught_exception(
  File "/usr/local/lib/python3.10/dist-packages/django/core/handlers/exception.py", line 181, in handle_uncaught_exception
    return debug.technical_500_response(request, *exc_info)
  File "/usr/local/lib/python3.10/dist-packages/django/views/debug.py", line 67, in technical_500_response
    html = reporter.get_traceback_html()
  File "/usr/local/lib/python3.10/dist-packages/django/views/debug.py", line 410, in get_traceback_html
    c = Context(self.get_traceback_data(), use_l10n=False)
  File "/usr/local/lib/python3.10/dist-packages/django/views/debug.py", line 393, in get_traceback_data
    c["raising_view_name"] = get_caller(self.request)
  File "/usr/local/lib/python3.10/dist-packages/django/views/debug.py", line 100, in get_caller
    resolver_match = resolve(request.path)
  File "/usr/local/lib/python3.10/dist-packages/django/urls/base.py", line 24, in resolve
    return get_resolver(urlconf).resolve(path)
  File "/usr/local/lib/python3.10/dist-packages/django/urls/resolvers.py", line 663, in resolve
    for pattern in self.url_patterns:
  File "/usr/local/lib/python3.10/dist-packages/django/utils/functional.py", line 57, in __get__
    res = instance.__dict__[self.name] = self.func(instance)
  File "/usr/local/lib/python3.10/dist-packages/django/urls/resolvers.py", line 715, in url_patterns
    patterns = getattr(self.urlconf_module, "urlpatterns", self.urlconf_module)
  File "/usr/local/lib/python3.10/dist-packages/django/utils/functional.py", line 57, in __get__
    res = instance.__dict__[self.name] = self.func(instance)
  File "/usr/local/lib/python3.10/dist-packages/django/urls/resolvers.py", line 708, in urlconf_module
    return import_module(self.urlconf_name)
  File "/usr/lib/python3.10/importlib/__init__.py", line 126, in import_module
    return _bootstrap._gcd_import(name[level:], package, level)
  File "<frozen importlib._bootstrap>", line 1050, in _gcd_import
  File "<frozen importlib._bootstrap>", line 1027, in _find_and_load
  File "<frozen importlib._bootstrap>", line 1006, in _find_and_load_unlocked
  File "<frozen importlib._bootstrap>", line 688, in _load_unlocked
  File "<frozen importlib._bootstrap_external>", line 883, in exec_module
  File "<frozen importlib._bootstrap>", line 241, in _call_with_frames_removed
  File "/home/ubuntu/BEERBUDDY/dkfriend-backend-latest/dkfriend_back/dkfriend_back/urls.py", line 28, in <module>
    path("bookings/", include("booking.urls")),
  File "/usr/local/lib/python3.10/dist-packages/django/urls/conf.py", line 38, in include
    urlconf_module = import_module(urlconf_module)
  File "/usr/lib/python3.10/importlib/__init__.py", line 126, in import_module
    return _bootstrap._gcd_import(name[level:], package, level)
  File "<frozen importlib._bootstrap>", line 1050, in _gcd_import
  File "<frozen importlib._bootstrap>", line 1027, in _find_and_load
  File "<frozen importlib._bootstrap>", line 1006, in _find_and_load_unlocked
  File "<frozen importlib._bootstrap>", line 688, in _load_unlocked
  File "<frozen importlib._bootstrap_external>", line 883, in exec_module
  File "<frozen importlib._bootstrap>", line 241, in _call_with_frames_removed
  File "/home/ubuntu/BEERBUDDY/dkfriend-backend-latest/dkfriend_back/booking/urls.py", line 3, in <module>
    from .views import *
  File "/home/ubuntu/BEERBUDDY/dkfriend-backend-latest/dkfriend_back/booking/views.py", line 48
    request.data["user"] = request.user.id
    ^^^^^^^
IndentationError: expected an indented block after function definition on line 47

During handling of the above exception, another exception occurred:

Traceback (most recent call last):
  File "/usr/local/lib/python3.10/dist-packages/django/core/handlers/exception.py", line 55, in inner
    response = get_response(request)
  File "/usr/local/lib/python3.10/dist-packages/django/utils/deprecation.py", line 134, in __call__
    response = response or self.get_response(request)
  File "/usr/local/lib/python3.10/dist-packages/django/core/handlers/exception.py", line 57, in inner
    response = response_for_exception(request, exc)
  File "/usr/local/lib/python3.10/dist-packages/django/core/handlers/exception.py", line 140, in response_for_exception
    response = handle_uncaught_exception(
  File "/usr/local/lib/python3.10/dist-packages/django/core/handlers/exception.py", line 181, in handle_uncaught_exception
    return debug.technical_500_response(request, *exc_info)
  File "/usr/local/lib/python3.10/dist-packages/django/views/debug.py", line 67, in technical_500_response
    html = reporter.get_traceback_html()
  File "/usr/local/lib/python3.10/dist-packages/django/views/debug.py", line 410, in get_traceback_html
    c = Context(self.get_traceback_data(), use_l10n=False)
  File "/usr/local/lib/python3.10/dist-packages/django/views/debug.py", line 393, in get_traceback_data
    c["raising_view_name"] = get_caller(self.request)
  File "/usr/local/lib/python3.10/dist-packages/django/views/debug.py", line 100, in get_caller
    resolver_match = resolve(request.path)
  File "/usr/local/lib/python3.10/dist-packages/django/urls/base.py", line 24, in resolve
    return get_resolver(urlconf).resolve(path)
  File "/usr/local/lib/python3.10/dist-packages/django/urls/resolvers.py", line 663, in resolve
    for pattern in self.url_patterns:
  File "/usr/local/lib/python3.10/dist-packages/django/utils/functional.py", line 57, in __get__
    res = instance.__dict__[self.name] = self.func(instance)
  File "/usr/local/lib/python3.10/dist-packages/django/urls/resolvers.py", line 715, in url_patterns
    patterns = getattr(self.urlconf_module, "urlpatterns", self.urlconf_module)
  File "/usr/local/lib/python3.10/dist-packages/django/utils/functional.py", line 57, in __get__
    res = instance.__dict__[self.name] = self.func(instance)
  File "/usr/local/lib/python3.10/dist-packages/django/urls/resolvers.py", line 708, in urlconf_module
    return import_module(self.urlconf_name)
  File "/usr/lib/python3.10/importlib/__init__.py", line 126, in import_module
    return _bootstrap._gcd_import(name[level:], package, level)
  File "<frozen importlib._bootstrap>", line 1050, in _gcd_import
  File "<frozen importlib._bootstrap>", line 1027, in _find_and_load
  File "<frozen importlib._bootstrap>", line 1006, in _find_and_load_unlocked
  File "<frozen importlib._bootstrap>", line 688, in _load_unlocked
  File "<frozen importlib._bootstrap_external>", line 883, in exec_module
  File "<frozen importlib._bootstrap>", line 241, in _call_with_frames_removed
  File "/home/ubuntu/BEERBUDDY/dkfriend-backend-latest/dkfriend_back/dkfriend_back/urls.py", line 28, in <module>
    path("bookings/", include("booking.urls")),
  File "/usr/local/lib/python3.10/dist-packages/django/urls/conf.py", line 38, in include
    urlconf_module = import_module(urlconf_module)
  File "/usr/lib/python3.10/importlib/__init__.py", line 126, in import_module
    return _bootstrap._gcd_import(name[level:], package, level)
  File "<frozen importlib._bootstrap>", line 1050, in _gcd_import
  File "<frozen importlib._bootstrap>", line 1027, in _find_and_load
  File "<frozen importlib._bootstrap>", line 1006, in _find_and_load_unlocked
  File "<frozen importlib._bootstrap>", line 688, in _load_unlocked
  File "<frozen importlib._bootstrap_external>", line 883, in exec_module
  File "<frozen importlib._bootstrap>", line 241, in _call_with_frames_removed
  File "/home/ubuntu/BEERBUDDY/dkfriend-backend-latest/dkfriend_back/booking/urls.py", line 3, in <module>
    from .views import *
  File "/home/ubuntu/BEERBUDDY/dkfriend-backend-latest/dkfriend_back/booking/views.py", line 48
    request.data["user"] = request.user.id
    ^^^^^^^
IndentationError: expected an indented block after function definition on line 47

During handling of the above exception, another exception occurred:

Traceback (most recent call last):
  File "/usr/local/lib/python3.10/dist-packages/django/core/handlers/exception.py", line 55, in inner
    response = get_response(request)
  File "/usr/local/lib/python3.10/dist-packages/django/utils/deprecation.py", line 134, in __call__
    response = response or self.get_response(request)
  File "/usr/local/lib/python3.10/dist-packages/django/core/handlers/exception.py", line 57, in inner
    response = response_for_exception(request, exc)
  File "/usr/local/lib/python3.10/dist-packages/django/core/handlers/exception.py", line 140, in response_for_exception
    response = handle_uncaught_exception(
  File "/usr/local/lib/python3.10/dist-packages/django/core/handlers/exception.py", line 181, in handle_uncaught_exception
    return debug.technical_500_response(request, *exc_info)
  File "/usr/local/lib/python3.10/dist-packages/django/views/debug.py", line 67, in technical_500_response
    html = reporter.get_traceback_html()
  File "/usr/local/lib/python3.10/dist-packages/django/views/debug.py", line 410, in get_traceback_html
    c = Context(self.get_traceback_data(), use_l10n=False)
  File "/usr/local/lib/python3.10/dist-packages/django/views/debug.py", line 393, in get_traceback_data
    c["raising_view_name"] = get_caller(self.request)
  File "/usr/local/lib/python3.10/dist-packages/django/views/debug.py", line 100, in get_caller
    resolver_match = resolve(request.path)
  File "/usr/local/lib/python3.10/dist-packages/django/urls/base.py", line 24, in resolve
    return get_resolver(urlconf).resolve(path)
  File "/usr/local/lib/python3.10/dist-packages/django/urls/resolvers.py", line 663, in resolve
    for pattern in self.url_patterns:
  File "/usr/local/lib/python3.10/dist-packages/django/utils/functional.py", line 57, in __get__
    res = instance.__dict__[self.name] = self.func(instance)
  File "/usr/local/lib/python3.10/dist-packages/django/urls/resolvers.py", line 715, in url_patterns
    patterns = getattr(self.urlconf_module, "urlpatterns", self.urlconf_module)
  File "/usr/local/lib/python3.10/dist-packages/django/utils/functional.py", line 57, in __get__
    res = instance.__dict__[self.name] = self.func(instance)
  File "/usr/local/lib/python3.10/dist-packages/django/urls/resolvers.py", line 708, in urlconf_module
    return import_module(self.urlconf_name)
  File "/usr/lib/python3.10/importlib/__init__.py", line 126, in import_module
    return _bootstrap._gcd_import(name[level:], package, level)
  File "<frozen importlib._bootstrap>", line 1050, in _gcd_import
  File "<frozen importlib._bootstrap>", line 1027, in _find_and_load
  File "<frozen importlib._bootstrap>", line 1006, in _find_and_load_unlocked
  File "<frozen importlib._bootstrap>", line 688, in _load_unlocked
  File "<frozen importlib._bootstrap_external>", line 883, in exec_module
  File "<frozen importlib._bootstrap>", line 241, in _call_with_frames_removed
  File "/home/ubuntu/BEERBUDDY/dkfriend-backend-latest/dkfriend_back/dkfriend_back/urls.py", line 28, in <module>
    path("bookings/", include("booking.urls")),
  File "/usr/local/lib/python3.10/dist-packages/django/urls/conf.py", line 38, in include
    urlconf_module = import_module(urlconf_module)
  File "/usr/lib/python3.10/importlib/__init__.py", line 126, in import_module
    return _bootstrap._gcd_import(name[level:], package, level)
  File "<frozen importlib._bootstrap>", line 1050, in _gcd_import
  File "<frozen importlib._bootstrap>", line 1027, in _find_and_load
  File "<frozen importlib._bootstrap>", line 1006, in _find_and_load_unlocked
  File "<frozen importlib._bootstrap>", line 688, in _load_unlocked
  File "<frozen importlib._bootstrap_external>", line 883, in exec_module
  File "<frozen importlib._bootstrap>", line 241, in _call_with_frames_removed
  File "/home/ubuntu/BEERBUDDY/dkfriend-backend-latest/dkfriend_back/booking/urls.py", line 3, in <module>
    from .views import *
  File "/home/ubuntu/BEERBUDDY/dkfriend-backend-latest/dkfriend_back/booking/views.py", line 48
    request.data["user"] = request.user.id
    ^^^^^^^
IndentationError: expected an indented block after function definition on line 47

During handling of the above exception, another exception occurred:

Traceback (most recent call last):
  File "/usr/local/lib/python3.10/dist-packages/django/core/handlers/exception.py", line 55, in inner
    response = get_response(request)
  File "/usr/local/lib/python3.10/dist-packages/django/utils/deprecation.py", line 134, in __call__
    response = response or self.get_response(request)
  File "/usr/local/lib/python3.10/dist-packages/django/core/handlers/exception.py", line 57, in inner
    response = response_for_exception(request, exc)
  File "/usr/local/lib/python3.10/dist-packages/django/core/handlers/exception.py", line 140, in response_for_exception
    response = handle_uncaught_exception(
  File "/usr/local/lib/python3.10/dist-packages/django/core/handlers/exception.py", line 181, in handle_uncaught_exception
    return debug.technical_500_response(request, *exc_info)
  File "/usr/local/lib/python3.10/dist-packages/django/views/debug.py", line 67, in technical_500_response
    html = reporter.get_traceback_html()
  File "/usr/local/lib/python3.10/dist-packages/django/views/debug.py", line 410, in get_traceback_html
    c = Context(self.get_traceback_data(), use_l10n=False)
  File "/usr/local/lib/python3.10/dist-packages/django/views/debug.py", line 393, in get_traceback_data
    c["raising_view_name"] = get_caller(self.request)
  File "/usr/local/lib/python3.10/dist-packages/django/views/debug.py", line 100, in get_caller
    resolver_match = resolve(request.path)
  File "/usr/local/lib/python3.10/dist-packages/django/urls/base.py", line 24, in resolve
    return get_resolver(urlconf).resolve(path)
  File "/usr/local/lib/python3.10/dist-packages/django/urls/resolvers.py", line 663, in resolve
    for pattern in self.url_patterns:
  File "/usr/local/lib/python3.10/dist-packages/django/utils/functional.py", line 57, in __get__
    res = instance.__dict__[self.name] = self.func(instance)
  File "/usr/local/lib/python3.10/dist-packages/django/urls/resolvers.py", line 715, in url_patterns
    patterns = getattr(self.urlconf_module, "urlpatterns", self.urlconf_module)
  File "/usr/local/lib/python3.10/dist-packages/django/utils/functional.py", line 57, in __get__
    res = instance.__dict__[self.name] = self.func(instance)
  File "/usr/local/lib/python3.10/dist-packages/django/urls/resolvers.py", line 708, in urlconf_module
    return import_module(self.urlconf_name)
  File "/usr/lib/python3.10/importlib/__init__.py", line 126, in import_module
    return _bootstrap._gcd_import(name[level:], package, level)
  File "<frozen importlib._bootstrap>", line 1050, in _gcd_import
  File "<frozen importlib._bootstrap>", line 1027, in _find_and_load
  File "<frozen importlib._bootstrap>", line 1006, in _find_and_load_unlocked
  File "<frozen importlib._bootstrap>", line 688, in _load_unlocked
  File "<frozen importlib._bootstrap_external>", line 883, in exec_module
  File "<frozen importlib._bootstrap>", line 241, in _call_with_frames_removed
  File "/home/ubuntu/BEERBUDDY/dkfriend-backend-latest/dkfriend_back/dkfriend_back/urls.py", line 28, in <module>
    path("bookings/", include("booking.urls")),
  File "/usr/local/lib/python3.10/dist-packages/django/urls/conf.py", line 38, in include
    urlconf_module = import_module(urlconf_module)
  File "/usr/lib/python3.10/importlib/__init__.py", line 126, in import_module
    return _bootstrap._gcd_import(name[level:], package, level)
  File "<frozen importlib._bootstrap>", line 1050, in _gcd_import
  File "<frozen importlib._bootstrap>", line 1027, in _find_and_load
  File "<frozen importlib._bootstrap>", line 1006, in _find_and_load_unlocked
  File "<frozen importlib._bootstrap>", line 688, in _load_unlocked
  File "<frozen importlib._bootstrap_external>", line 883, in exec_module
  File "<frozen importlib._bootstrap>", line 241, in _call_with_frames_removed
  File "/home/ubuntu/BEERBUDDY/dkfriend-backend-latest/dkfriend_back/booking/urls.py", line 3, in <module>
    from .views import *
  File "/home/ubuntu/BEERBUDDY/dkfriend-backend-latest/dkfriend_back/booking/views.py", line 48
    request.data["user"] = request.user.id
    ^^^^^^^
IndentationError: expected an indented block after function definition on line 47

During handling of the above exception, another exception occurred:

Traceback (most recent call last):
  File "/usr/local/lib/python3.10/dist-packages/django/core/handlers/exception.py", line 55, in inner
    response = get_response(request)
  File "/usr/local/lib/python3.10/dist-packages/django/utils/deprecation.py", line 134, in __call__
    response = response or self.get_response(request)
  File "/usr/local/lib/python3.10/dist-packages/django/core/handlers/exception.py", line 57, in inner
    response = response_for_exception(request, exc)
  File "/usr/local/lib/python3.10/dist-packages/django/core/handlers/exception.py", line 140, in response_for_exception
    response = handle_uncaught_exception(
  File "/usr/local/lib/python3.10/dist-packages/django/core/handlers/exception.py", line 181, in handle_uncaught_exception
    return debug.technical_500_response(request, *exc_info)
  File "/usr/local/lib/python3.10/dist-packages/django/views/debug.py", line 67, in technical_500_response
    html = reporter.get_traceback_html()
  File "/usr/local/lib/python3.10/dist-packages/django/views/debug.py", line 410, in get_traceback_html
    c = Context(self.get_traceback_data(), use_l10n=False)
  File "/usr/local/lib/python3.10/dist-packages/django/views/debug.py", line 393, in get_traceback_data
    c["raising_view_name"] = get_caller(self.request)
  File "/usr/local/lib/python3.10/dist-packages/django/views/debug.py", line 100, in get_caller
    resolver_match = resolve(request.path)
  File "/usr/local/lib/python3.10/dist-packages/django/urls/base.py", line 24, in resolve
    return get_resolver(urlconf).resolve(path)
  File "/usr/local/lib/python3.10/dist-packages/django/urls/resolvers.py", line 663, in resolve
    for pattern in self.url_patterns:
  File "/usr/local/lib/python3.10/dist-packages/django/utils/functional.py", line 57, in __get__
    res = instance.__dict__[self.name] = self.func(instance)
  File "/usr/local/lib/python3.10/dist-packages/django/urls/resolvers.py", line 715, in url_patterns
    patterns = getattr(self.urlconf_module, "urlpatterns", self.urlconf_module)
  File "/usr/local/lib/python3.10/dist-packages/django/utils/functional.py", line 57, in __get__
    res = instance.__dict__[self.name] = self.func(instance)
  File "/usr/local/lib/python3.10/dist-packages/django/urls/resolvers.py", line 708, in urlconf_module
    return import_module(self.urlconf_name)
  File "/usr/lib/python3.10/importlib/__init__.py", line 126, in import_module
    return _bootstrap._gcd_import(name[level:], package, level)
  File "<frozen importlib._bootstrap>", line 1050, in _gcd_import
  File "<frozen importlib._bootstrap>", line 1027, in _find_and_load
  File "<frozen importlib._bootstrap>", line 1006, in _find_and_load_unlocked
  File "<frozen importlib._bootstrap>", line 688, in _load_unlocked
  File "<frozen importlib._bootstrap_external>", line 883, in exec_module
  File "<frozen importlib._bootstrap>", line 241, in _call_with_frames_removed
  File "/home/ubuntu/BEERBUDDY/dkfriend-backend-latest/dkfriend_back/dkfriend_back/urls.py", line 28, in <module>
    path("bookings/", include("booking.urls")),
  File "/usr/local/lib/python3.10/dist-packages/django/urls/conf.py", line 38, in include
    urlconf_module = import_module(urlconf_module)
  File "/usr/lib/python3.10/importlib/__init__.py", line 126, in import_module
    return _bootstrap._gcd_import(name[level:], package, level)
  File "<frozen importlib._bootstrap>", line 1050, in _gcd_import
  File "<frozen importlib._bootstrap>", line 1027, in _find_and_load
  File "<frozen importlib._bootstrap>", line 1006, in _find_and_load_unlocked
  File "<frozen importlib._bootstrap>", line 688, in _load_unlocked
  File "<frozen importlib._bootstrap_external>", line 883, in exec_module
  File "<frozen importlib._bootstrap>", line 241, in _call_with_frames_removed
  File "/home/ubuntu/BEERBUDDY/dkfriend-backend-latest/dkfriend_back/booking/urls.py", line 3, in <module>
    from .views import *
  File "/home/ubuntu/BEERBUDDY/dkfriend-backend-latest/dkfriend_back/booking/views.py", line 48
    request.data["user"] = request.user.id
    ^^^^^^^
IndentationError: expected an indented block after function definition on line 47

During handling of the above exception, another exception occurred:

Traceback (most recent call last):
  File "/usr/local/lib/python3.10/dist-packages/django/core/handlers/exception.py", line 55, in inner
    response = get_response(request)
  File "/usr/local/lib/python3.10/dist-packages/corsheaders/middleware.py", line 56, in __call__
    result = self.get_response(request)
  File "/usr/local/lib/python3.10/dist-packages/django/core/handlers/exception.py", line 57, in inner
    response = response_for_exception(request, exc)
  File "/usr/local/lib/python3.10/dist-packages/django/core/handlers/exception.py", line 140, in response_for_exception
    response = handle_uncaught_exception(
  File "/usr/local/lib/python3.10/dist-packages/django/core/handlers/exception.py", line 181, in handle_uncaught_exception
    return debug.technical_500_response(request, *exc_info)
  File "/usr/local/lib/python3.10/dist-packages/django/views/debug.py", line 67, in technical_500_response
    html = reporter.get_traceback_html()
  File "/usr/local/lib/python3.10/dist-packages/django/views/debug.py", line 410, in get_traceback_html
    c = Context(self.get_traceback_data(), use_l10n=False)
  File "/usr/local/lib/python3.10/dist-packages/django/views/debug.py", line 393, in get_traceback_data
    c["raising_view_name"] = get_caller(self.request)
  File "/usr/local/lib/python3.10/dist-packages/django/views/debug.py", line 100, in get_caller
    resolver_match = resolve(request.path)
  File "/usr/local/lib/python3.10/dist-packages/django/urls/base.py", line 24, in resolve
    return get_resolver(urlconf).resolve(path)
  File "/usr/local/lib/python3.10/dist-packages/django/urls/resolvers.py", line 663, in resolve
    for pattern in self.url_patterns:
  File "/usr/local/lib/python3.10/dist-packages/django/utils/functional.py", line 57, in __get__
    res = instance.__dict__[self.name] = self.func(instance)
  File "/usr/local/lib/python3.10/dist-packages/django/urls/resolvers.py", line 715, in url_patterns
    patterns = getattr(self.urlconf_module, "urlpatterns", self.urlconf_module)
  File "/usr/local/lib/python3.10/dist-packages/django/utils/functional.py", line 57, in __get__
    res = instance.__dict__[self.name] = self.func(instance)
  File "/usr/local/lib/python3.10/dist-packages/django/urls/resolvers.py", line 708, in urlconf_module
    return import_module(self.urlconf_name)
  File "/usr/lib/python3.10/importlib/__init__.py", line 126, in import_module
    return _bootstrap._gcd_import(name[level:], package, level)
  File "<frozen importlib._bootstrap>", line 1050, in _gcd_import
  File "<frozen importlib._bootstrap>", line 1027, in _find_and_load
  File "<frozen importlib._bootstrap>", line 1006, in _find_and_load_unlocked
  File "<frozen importlib._bootstrap>", line 688, in _load_unlocked
  File "<frozen importlib._bootstrap_external>", line 883, in exec_module
  File "<frozen importlib._bootstrap>", line 241, in _call_with_frames_removed
  File "/home/ubuntu/BEERBUDDY/dkfriend-backend-latest/dkfriend_back/dkfriend_back/urls.py", line 28, in <module>
    path("bookings/", include("booking.urls")),
  File "/usr/local/lib/python3.10/dist-packages/django/urls/conf.py", line 38, in include
    urlconf_module = import_module(urlconf_module)
  File "/usr/lib/python3.10/importlib/__init__.py", line 126, in import_module
    return _bootstrap._gcd_import(name[level:], package, level)
  File "<frozen importlib._bootstrap>", line 1050, in _gcd_import
  File "<frozen importlib._bootstrap>", line 1027, in _find_and_load
  File "<frozen importlib._bootstrap>", line 1006, in _find_and_load_unlocked
  File "<frozen importlib._bootstrap>", line 688, in _load_unlocked
  File "<frozen importlib._bootstrap_external>", line 883, in exec_module
  File "<frozen importlib._bootstrap>", line 241, in _call_with_frames_removed
  File "/home/ubuntu/BEERBUDDY/dkfriend-backend-latest/dkfriend_back/booking/urls.py", line 3, in <module>
    from .views import *
  File "/home/ubuntu/BEERBUDDY/dkfriend-backend-latest/dkfriend_back/booking/views.py", line 48
    request.data["user"] = request.user.id
    ^^^^^^^
IndentationError: expected an indented block after function definition on line 47

During handling of the above exception, another exception occurred:

Traceback (most recent call last):
  File "/usr/local/lib/python3.10/dist-packages/gunicorn/workers/sync.py", line 135, in handle
    self.handle_request(listener, req, client, addr)
  File "/usr/local/lib/python3.10/dist-packages/gunicorn/workers/sync.py", line 178, in handle_request
    respiter = self.wsgi(environ, resp.start_response)
  File "/usr/local/lib/python3.10/dist-packages/django/core/handlers/wsgi.py", line 124, in __call__
    response = self.get_response(request)
  File "/usr/local/lib/python3.10/dist-packages/django/core/handlers/base.py", line 140, in get_response
    response = self._middleware_chain(request)
  File "/usr/local/lib/python3.10/dist-packages/django/core/handlers/exception.py", line 57, in inner
    response = response_for_exception(request, exc)
  File "/usr/local/lib/python3.10/dist-packages/django/core/handlers/exception.py", line 140, in response_for_exception
    response = handle_uncaught_exception(
  File "/usr/local/lib/python3.10/dist-packages/django/core/handlers/exception.py", line 181, in handle_uncaught_exception
    return debug.technical_500_response(request, *exc_info)
  File "/usr/local/lib/python3.10/dist-packages/django/views/debug.py", line 67, in technical_500_response
    html = reporter.get_traceback_html()
  File "/usr/local/lib/python3.10/dist-packages/django/views/debug.py", line 410, in get_traceback_html
    c = Context(self.get_traceback_data(), use_l10n=False)
  File "/usr/local/lib/python3.10/dist-packages/django/views/debug.py", line 393, in get_traceback_data
    c["raising_view_name"] = get_caller(self.request)
  File "/usr/local/lib/python3.10/dist-packages/django/views/debug.py", line 100, in get_caller
    resolver_match = resolve(request.path)
  File "/usr/local/lib/python3.10/dist-packages/django/urls/base.py", line 24, in resolve
    return get_resolver(urlconf).resolve(path)
  File "/usr/local/lib/python3.10/dist-packages/django/urls/resolvers.py", line 663, in resolve
    for pattern in self.url_patterns:
  File "/usr/local/lib/python3.10/dist-packages/django/utils/functional.py", line 57, in __get__
    res = instance.__dict__[self.name] = self.func(instance)
  File "/usr/local/lib/python3.10/dist-packages/django/urls/resolvers.py", line 715, in url_patterns
    patterns = getattr(self.urlconf_module, "urlpatterns", self.urlconf_module)
  File "/usr/local/lib/python3.10/dist-packages/django/utils/functional.py", line 57, in __get__
    res = instance.__dict__[self.name] = self.func(instance)
  File "/usr/local/lib/python3.10/dist-packages/django/urls/resolvers.py", line 708, in urlconf_module
    return import_module(self.urlconf_name)
  File "/usr/lib/python3.10/importlib/__init__.py", line 126, in import_module
    return _bootstrap._gcd_import(name[level:], package, level)
  File "<frozen importlib._bootstrap>", line 1050, in _gcd_import
  File "<frozen importlib._bootstrap>", line 1027, in _find_and_load
  File "<frozen importlib._bootstrap>", line 1006, in _find_and_load_unlocked
  File "<frozen importlib._bootstrap>", line 688, in _load_unlocked
  File "<frozen importlib._bootstrap_external>", line 883, in exec_module
  File "<frozen importlib._bootstrap>", line 241, in _call_with_frames_removed
  File "/home/ubuntu/BEERBUDDY/dkfriend-backend-latest/dkfriend_back/dkfriend_back/urls.py", line 28, in <module>
    path("bookings/", include("booking.urls")),
  File "/usr/local/lib/python3.10/dist-packages/django/urls/conf.py", line 38, in include
    urlconf_module = import_module(urlconf_module)
  File "/usr/lib/python3.10/importlib/__init__.py", line 126, in import_module
    return _bootstrap._gcd_import(name[level:], package, level)
  File "<frozen importlib._bootstrap>", line 1050, in _gcd_import
  File "<frozen importlib._bootstrap>", line 1027, in _find_and_load
  File "<frozen importlib._bootstrap>", line 1006, in _find_and_load_unlocked
  File "<frozen importlib._bootstrap>", line 688, in _load_unlocked
  File "<frozen importlib._bootstrap_external>", line 883, in exec_module
  File "<frozen importlib._bootstrap>", line 241, in _call_with_frames_removed
  File "/home/ubuntu/BEERBUDDY/dkfriend-backend-latest/dkfriend_back/booking/urls.py", line 3, in <module>
    from .views import *
  File "/home/ubuntu/BEERBUDDY/dkfriend-backend-latest/dkfriend_back/booking/views.py", line 48
    request.data["user"] = request.user.id
    ^^^^^^^
IndentationError: expected an indented block after function definition on line 47
[2024-07-20 18:21:16 +0900] [56869] [ERROR] Error handling request /
Traceback (most recent call last):
  File "/usr/local/lib/python3.10/dist-packages/django/core/handlers/exception.py", line 55, in inner
    response = get_response(request)
  File "/usr/local/lib/python3.10/dist-packages/django/core/handlers/base.py", line 181, in _get_response
    callback, callback_args, callback_kwargs = self.resolve_request(request)
  File "/usr/local/lib/python3.10/dist-packages/django/core/handlers/base.py", line 313, in resolve_request
    resolver_match = resolver.resolve(request.path_info)
  File "/usr/local/lib/python3.10/dist-packages/django/urls/resolvers.py", line 663, in resolve
    for pattern in self.url_patterns:
  File "/usr/local/lib/python3.10/dist-packages/django/utils/functional.py", line 57, in __get__
    res = instance.__dict__[self.name] = self.func(instance)
  File "/usr/local/lib/python3.10/dist-packages/django/urls/resolvers.py", line 715, in url_patterns
    patterns = getattr(self.urlconf_module, "urlpatterns", self.urlconf_module)
  File "/usr/local/lib/python3.10/dist-packages/django/utils/functional.py", line 57, in __get__
    res = instance.__dict__[self.name] = self.func(instance)
  File "/usr/local/lib/python3.10/dist-packages/django/urls/resolvers.py", line 708, in urlconf_module
    return import_module(self.urlconf_name)
  File "/usr/lib/python3.10/importlib/__init__.py", line 126, in import_module
    return _bootstrap._gcd_import(name[level:], package, level)
  File "<frozen importlib._bootstrap>", line 1050, in _gcd_import
  File "<frozen importlib._bootstrap>", line 1027, in _find_and_load
  File "<frozen importlib._bootstrap>", line 1006, in _find_and_load_unlocked
  File "<frozen importlib._bootstrap>", line 688, in _load_unlocked
  File "<frozen importlib._bootstrap_external>", line 883, in exec_module
  File "<frozen importlib._bootstrap>", line 241, in _call_with_frames_removed
  File "/home/ubuntu/BEERBUDDY/dkfriend-backend-latest/dkfriend_back/dkfriend_back/urls.py", line 28, in <module>
    path("bookings/", include("booking.urls")),
  File "/usr/local/lib/python3.10/dist-packages/django/urls/conf.py", line 38, in include
    urlconf_module = import_module(urlconf_module)
  File "/usr/lib/python3.10/importlib/__init__.py", line 126, in import_module
    return _bootstrap._gcd_import(name[level:], package, level)
  File "<frozen importlib._bootstrap>", line 1050, in _gcd_import
  File "<frozen importlib._bootstrap>", line 1027, in _find_and_load
  File "<frozen importlib._bootstrap>", line 1006, in _find_and_load_unlocked
  File "<frozen importlib._bootstrap>", line 688, in _load_unlocked
  File "<frozen importlib._bootstrap_external>", line 883, in exec_module
  File "<frozen importlib._bootstrap>", line 241, in _call_with_frames_removed
  File "/home/ubuntu/BEERBUDDY/dkfriend-backend-latest/dkfriend_back/booking/urls.py", line 3, in <module>
    from .views import *
  File "/home/ubuntu/BEERBUDDY/dkfriend-backend-latest/dkfriend_back/booking/views.py", line 48
    request.data["user"] = request.user.id
    ^^^^^^^
IndentationError: expected an indented block after function definition on line 47

During handling of the above exception, another exception occurred:

Traceback (most recent call last):
  File "/usr/local/lib/python3.10/dist-packages/django/core/handlers/exception.py", line 55, in inner
    response = get_response(request)
  File "/usr/local/lib/python3.10/dist-packages/django/utils/deprecation.py", line 134, in __call__
    response = response or self.get_response(request)
  File "/usr/local/lib/python3.10/dist-packages/django/core/handlers/exception.py", line 57, in inner
    response = response_for_exception(request, exc)
  File "/usr/local/lib/python3.10/dist-packages/django/core/handlers/exception.py", line 140, in response_for_exception
    response = handle_uncaught_exception(
  File "/usr/local/lib/python3.10/dist-packages/django/core/handlers/exception.py", line 181, in handle_uncaught_exception
    return debug.technical_500_response(request, *exc_info)
  File "/usr/local/lib/python3.10/dist-packages/django/views/debug.py", line 67, in technical_500_response
    html = reporter.get_traceback_html()
  File "/usr/local/lib/python3.10/dist-packages/django/views/debug.py", line 410, in get_traceback_html
    c = Context(self.get_traceback_data(), use_l10n=False)
  File "/usr/local/lib/python3.10/dist-packages/django/views/debug.py", line 393, in get_traceback_data
    c["raising_view_name"] = get_caller(self.request)
  File "/usr/local/lib/python3.10/dist-packages/django/views/debug.py", line 100, in get_caller
    resolver_match = resolve(request.path)
  File "/usr/local/lib/python3.10/dist-packages/django/urls/base.py", line 24, in resolve
    return get_resolver(urlconf).resolve(path)
  File "/usr/local/lib/python3.10/dist-packages/django/urls/resolvers.py", line 663, in resolve
    for pattern in self.url_patterns:
  File "/usr/local/lib/python3.10/dist-packages/django/utils/functional.py", line 57, in __get__
    res = instance.__dict__[self.name] = self.func(instance)
  File "/usr/local/lib/python3.10/dist-packages/django/urls/resolvers.py", line 715, in url_patterns
    patterns = getattr(self.urlconf_module, "urlpatterns", self.urlconf_module)
  File "/usr/local/lib/python3.10/dist-packages/django/utils/functional.py", line 57, in __get__
    res = instance.__dict__[self.name] = self.func(instance)
  File "/usr/local/lib/python3.10/dist-packages/django/urls/resolvers.py", line 708, in urlconf_module
    return import_module(self.urlconf_name)
  File "/usr/lib/python3.10/importlib/__init__.py", line 126, in import_module
    return _bootstrap._gcd_import(name[level:], package, level)
  File "<frozen importlib._bootstrap>", line 1050, in _gcd_import
  File "<frozen importlib._bootstrap>", line 1027, in _find_and_load
  File "<frozen importlib._bootstrap>", line 1006, in _find_and_load_unlocked
  File "<frozen importlib._bootstrap>", line 688, in _load_unlocked
  File "<frozen importlib._bootstrap_external>", line 883, in exec_module
  File "<frozen importlib._bootstrap>", line 241, in _call_with_frames_removed
  File "/home/ubuntu/BEERBUDDY/dkfriend-backend-latest/dkfriend_back/dkfriend_back/urls.py", line 28, in <module>
    path("bookings/", include("booking.urls")),
  File "/usr/local/lib/python3.10/dist-packages/django/urls/conf.py", line 38, in include
    urlconf_module = import_module(urlconf_module)
  File "/usr/lib/python3.10/importlib/__init__.py", line 126, in import_module
    return _bootstrap._gcd_import(name[level:], package, level)
  File "<frozen importlib._bootstrap>", line 1050, in _gcd_import
  File "<frozen importlib._bootstrap>", line 1027, in _find_and_load
  File "<frozen importlib._bootstrap>", line 1006, in _find_and_load_unlocked
  File "<frozen importlib._bootstrap>", line 688, in _load_unlocked
  File "<frozen importlib._bootstrap_external>", line 883, in exec_module
  File "<frozen importlib._bootstrap>", line 241, in _call_with_frames_removed
  File "/home/ubuntu/BEERBUDDY/dkfriend-backend-latest/dkfriend_back/booking/urls.py", line 3, in <module>
    from .views import *
  File "/home/ubuntu/BEERBUDDY/dkfriend-backend-latest/dkfriend_back/booking/views.py", line 48
    request.data["user"] = request.user.id
    ^^^^^^^
IndentationError: expected an indented block after function definition on line 47

During handling of the above exception, another exception occurred:

Traceback (most recent call last):
  File "/usr/local/lib/python3.10/dist-packages/django/core/handlers/exception.py", line 55, in inner
    response = get_response(request)
  File "/usr/local/lib/python3.10/dist-packages/django/utils/deprecation.py", line 134, in __call__
    response = response or self.get_response(request)
  File "/usr/local/lib/python3.10/dist-packages/django/core/handlers/exception.py", line 57, in inner
    response = response_for_exception(request, exc)
  File "/usr/local/lib/python3.10/dist-packages/django/core/handlers/exception.py", line 140, in response_for_exception
    response = handle_uncaught_exception(
  File "/usr/local/lib/python3.10/dist-packages/django/core/handlers/exception.py", line 181, in handle_uncaught_exception
    return debug.technical_500_response(request, *exc_info)
  File "/usr/local/lib/python3.10/dist-packages/django/views/debug.py", line 67, in technical_500_response
    html = reporter.get_traceback_html()
  File "/usr/local/lib/python3.10/dist-packages/django/views/debug.py", line 410, in get_traceback_html
    c = Context(self.get_traceback_data(), use_l10n=False)
  File "/usr/local/lib/python3.10/dist-packages/django/views/debug.py", line 393, in get_traceback_data
    c["raising_view_name"] = get_caller(self.request)
  File "/usr/local/lib/python3.10/dist-packages/django/views/debug.py", line 100, in get_caller
    resolver_match = resolve(request.path)
  File "/usr/local/lib/python3.10/dist-packages/django/urls/base.py", line 24, in resolve
    return get_resolver(urlconf).resolve(path)
  File "/usr/local/lib/python3.10/dist-packages/django/urls/resolvers.py", line 663, in resolve
    for pattern in self.url_patterns:
  File "/usr/local/lib/python3.10/dist-packages/django/utils/functional.py", line 57, in __get__
    res = instance.__dict__[self.name] = self.func(instance)
  File "/usr/local/lib/python3.10/dist-packages/django/urls/resolvers.py", line 715, in url_patterns
    patterns = getattr(self.urlconf_module, "urlpatterns", self.urlconf_module)
  File "/usr/local/lib/python3.10/dist-packages/django/utils/functional.py", line 57, in __get__
    res = instance.__dict__[self.name] = self.func(instance)
  File "/usr/local/lib/python3.10/dist-packages/django/urls/resolvers.py", line 708, in urlconf_module
    return import_module(self.urlconf_name)
  File "/usr/lib/python3.10/importlib/__init__.py", line 126, in import_module
    return _bootstrap._gcd_import(name[level:], package, level)
  File "<frozen importlib._bootstrap>", line 1050, in _gcd_import
  File "<frozen importlib._bootstrap>", line 1027, in _find_and_load
  File "<frozen importlib._bootstrap>", line 1006, in _find_and_load_unlocked
  File "<frozen importlib._bootstrap>", line 688, in _load_unlocked
  File "<frozen importlib._bootstrap_external>", line 883, in exec_module
  File "<frozen importlib._bootstrap>", line 241, in _call_with_frames_removed
  File "/home/ubuntu/BEERBUDDY/dkfriend-backend-latest/dkfriend_back/dkfriend_back/urls.py", line 28, in <module>
    path("bookings/", include("booking.urls")),
  File "/usr/local/lib/python3.10/dist-packages/django/urls/conf.py", line 38, in include
    urlconf_module = import_module(urlconf_module)
  File "/usr/lib/python3.10/importlib/__init__.py", line 126, in import_module
    return _bootstrap._gcd_import(name[level:], package, level)
  File "<frozen importlib._bootstrap>", line 1050, in _gcd_import
  File "<frozen importlib._bootstrap>", line 1027, in _find_and_load
  File "<frozen importlib._bootstrap>", line 1006, in _find_and_load_unlocked
  File "<frozen importlib._bootstrap>", line 688, in _load_unlocked
  File "<frozen importlib._bootstrap_external>", line 883, in exec_module
  File "<frozen importlib._bootstrap>", line 241, in _call_with_frames_removed
  File "/home/ubuntu/BEERBUDDY/dkfriend-backend-latest/dkfriend_back/booking/urls.py", line 3, in <module>
    from .views import *
  File "/home/ubuntu/BEERBUDDY/dkfriend-backend-latest/dkfriend_back/booking/views.py", line 48
    request.data["user"] = request.user.id
    ^^^^^^^
IndentationError: expected an indented block after function definition on line 47

During handling of the above exception, another exception occurred:

Traceback (most recent call last):
  File "/usr/local/lib/python3.10/dist-packages/django/core/handlers/exception.py", line 55, in inner
    response = get_response(request)
  File "/usr/local/lib/python3.10/dist-packages/django/utils/deprecation.py", line 134, in __call__
    response = response or self.get_response(request)
  File "/usr/local/lib/python3.10/dist-packages/django/core/handlers/exception.py", line 57, in inner
    response = response_for_exception(request, exc)
  File "/usr/local/lib/python3.10/dist-packages/django/core/handlers/exception.py", line 140, in response_for_exception
    response = handle_uncaught_exception(
  File "/usr/local/lib/python3.10/dist-packages/django/core/handlers/exception.py", line 181, in handle_uncaught_exception
    return debug.technical_500_response(request, *exc_info)
  File "/usr/local/lib/python3.10/dist-packages/django/views/debug.py", line 67, in technical_500_response
    html = reporter.get_traceback_html()
  File "/usr/local/lib/python3.10/dist-packages/django/views/debug.py", line 410, in get_traceback_html
    c = Context(self.get_traceback_data(), use_l10n=False)
  File "/usr/local/lib/python3.10/dist-packages/django/views/debug.py", line 393, in get_traceback_data
    c["raising_view_name"] = get_caller(self.request)
  File "/usr/local/lib/python3.10/dist-packages/django/views/debug.py", line 100, in get_caller
    resolver_match = resolve(request.path)
  File "/usr/local/lib/python3.10/dist-packages/django/urls/base.py", line 24, in resolve
    return get_resolver(urlconf).resolve(path)
  File "/usr/local/lib/python3.10/dist-packages/django/urls/resolvers.py", line 663, in resolve
    for pattern in self.url_patterns:
  File "/usr/local/lib/python3.10/dist-packages/django/utils/functional.py", line 57, in __get__
    res = instance.__dict__[self.name] = self.func(instance)
  File "/usr/local/lib/python3.10/dist-packages/django/urls/resolvers.py", line 715, in url_patterns
    patterns = getattr(self.urlconf_module, "urlpatterns", self.urlconf_module)
  File "/usr/local/lib/python3.10/dist-packages/django/utils/functional.py", line 57, in __get__
    res = instance.__dict__[self.name] = self.func(instance)
  File "/usr/local/lib/python3.10/dist-packages/django/urls/resolvers.py", line 708, in urlconf_module
    return import_module(self.urlconf_name)
  File "/usr/lib/python3.10/importlib/__init__.py", line 126, in import_module
    return _bootstrap._gcd_import(name[level:], package, level)
  File "<frozen importlib._bootstrap>", line 1050, in _gcd_import
  File "<frozen importlib._bootstrap>", line 1027, in _find_and_load
  File "<frozen importlib._bootstrap>", line 1006, in _find_and_load_unlocked
  File "<frozen importlib._bootstrap>", line 688, in _load_unlocked
  File "<frozen importlib._bootstrap_external>", line 883, in exec_module
  File "<frozen importlib._bootstrap>", line 241, in _call_with_frames_removed
  File "/home/ubuntu/BEERBUDDY/dkfriend-backend-latest/dkfriend_back/dkfriend_back/urls.py", line 28, in <module>
    path("bookings/", include("booking.urls")),
  File "/usr/local/lib/python3.10/dist-packages/django/urls/conf.py", line 38, in include
    urlconf_module = import_module(urlconf_module)
  File "/usr/lib/python3.10/importlib/__init__.py", line 126, in import_module
    return _bootstrap._gcd_import(name[level:], package, level)
  File "<frozen importlib._bootstrap>", line 1050, in _gcd_import
  File "<frozen importlib._bootstrap>", line 1027, in _find_and_load
  File "<frozen importlib._bootstrap>", line 1006, in _find_and_load_unlocked
  File "<frozen importlib._bootstrap>", line 688, in _load_unlocked
  File "<frozen importlib._bootstrap_external>", line 883, in exec_module
  File "<frozen importlib._bootstrap>", line 241, in _call_with_frames_removed
  File "/home/ubuntu/BEERBUDDY/dkfriend-backend-latest/dkfriend_back/booking/urls.py", line 3, in <module>
    from .views import *
  File "/home/ubuntu/BEERBUDDY/dkfriend-backend-latest/dkfriend_back/booking/views.py", line 48
    request.data["user"] = request.user.id
    ^^^^^^^
IndentationError: expected an indented block after function definition on line 47

During handling of the above exception, another exception occurred:

Traceback (most recent call last):
  File "/usr/local/lib/python3.10/dist-packages/django/core/handlers/exception.py", line 55, in inner
    response = get_response(request)
  File "/usr/local/lib/python3.10/dist-packages/django/utils/deprecation.py", line 134, in __call__
    response = response or self.get_response(request)
  File "/usr/local/lib/python3.10/dist-packages/django/core/handlers/exception.py", line 57, in inner
    response = response_for_exception(request, exc)
  File "/usr/local/lib/python3.10/dist-packages/django/core/handlers/exception.py", line 140, in response_for_exception
    response = handle_uncaught_exception(
  File "/usr/local/lib/python3.10/dist-packages/django/core/handlers/exception.py", line 181, in handle_uncaught_exception
    return debug.technical_500_response(request, *exc_info)
  File "/usr/local/lib/python3.10/dist-packages/django/views/debug.py", line 67, in technical_500_response
    html = reporter.get_traceback_html()
  File "/usr/local/lib/python3.10/dist-packages/django/views/debug.py", line 410, in get_traceback_html
    c = Context(self.get_traceback_data(), use_l10n=False)
  File "/usr/local/lib/python3.10/dist-packages/django/views/debug.py", line 393, in get_traceback_data
    c["raising_view_name"] = get_caller(self.request)
  File "/usr/local/lib/python3.10/dist-packages/django/views/debug.py", line 100, in get_caller
    resolver_match = resolve(request.path)
  File "/usr/local/lib/python3.10/dist-packages/django/urls/base.py", line 24, in resolve
    return get_resolver(urlconf).resolve(path)
  File "/usr/local/lib/python3.10/dist-packages/django/urls/resolvers.py", line 663, in resolve
    for pattern in self.url_patterns:
  File "/usr/local/lib/python3.10/dist-packages/django/utils/functional.py", line 57, in __get__
    res = instance.__dict__[self.name] = self.func(instance)
  File "/usr/local/lib/python3.10/dist-packages/django/urls/resolvers.py", line 715, in url_patterns
    patterns = getattr(self.urlconf_module, "urlpatterns", self.urlconf_module)
  File "/usr/local/lib/python3.10/dist-packages/django/utils/functional.py", line 57, in __get__
    res = instance.__dict__[self.name] = self.func(instance)
  File "/usr/local/lib/python3.10/dist-packages/django/urls/resolvers.py", line 708, in urlconf_module
    return import_module(self.urlconf_name)
  File "/usr/lib/python3.10/importlib/__init__.py", line 126, in import_module
    return _bootstrap._gcd_import(name[level:], package, level)
  File "<frozen importlib._bootstrap>", line 1050, in _gcd_import
  File "<frozen importlib._bootstrap>", line 1027, in _find_and_load
  File "<frozen importlib._bootstrap>", line 1006, in _find_and_load_unlocked
  File "<frozen importlib._bootstrap>", line 688, in _load_unlocked
  File "<frozen importlib._bootstrap_external>", line 883, in exec_module
  File "<frozen importlib._bootstrap>", line 241, in _call_with_frames_removed
  File "/home/ubuntu/BEERBUDDY/dkfriend-backend-latest/dkfriend_back/dkfriend_back/urls.py", line 28, in <module>
    path("bookings/", include("booking.urls")),
  File "/usr/local/lib/python3.10/dist-packages/django/urls/conf.py", line 38, in include
    urlconf_module = import_module(urlconf_module)
  File "/usr/lib/python3.10/importlib/__init__.py", line 126, in import_module
    return _bootstrap._gcd_import(name[level:], package, level)
  File "<frozen importlib._bootstrap>", line 1050, in _gcd_import
  File "<frozen importlib._bootstrap>", line 1027, in _find_and_load
  File "<frozen importlib._bootstrap>", line 1006, in _find_and_load_unlocked
  File "<frozen importlib._bootstrap>", line 688, in _load_unlocked
  File "<frozen importlib._bootstrap_external>", line 883, in exec_module
  File "<frozen importlib._bootstrap>", line 241, in _call_with_frames_removed
  File "/home/ubuntu/BEERBUDDY/dkfriend-backend-latest/dkfriend_back/booking/urls.py", line 3, in <module>
    from .views import *
  File "/home/ubuntu/BEERBUDDY/dkfriend-backend-latest/dkfriend_back/booking/views.py", line 48
    request.data["user"] = request.user.id
    ^^^^^^^
IndentationError: expected an indented block after function definition on line 47

During handling of the above exception, another exception occurred:

Traceback (most recent call last):
  File "/usr/local/lib/python3.10/dist-packages/django/core/handlers/exception.py", line 55, in inner
    response = get_response(request)
  File "/usr/local/lib/python3.10/dist-packages/django/utils/deprecation.py", line 134, in __call__
    response = response or self.get_response(request)
  File "/usr/local/lib/python3.10/dist-packages/django/core/handlers/exception.py", line 57, in inner
    response = response_for_exception(request, exc)
  File "/usr/local/lib/python3.10/dist-packages/django/core/handlers/exception.py", line 140, in response_for_exception
    response = handle_uncaught_exception(
  File "/usr/local/lib/python3.10/dist-packages/django/core/handlers/exception.py", line 181, in handle_uncaught_exception
    return debug.technical_500_response(request, *exc_info)
  File "/usr/local/lib/python3.10/dist-packages/django/views/debug.py", line 67, in technical_500_response
    html = reporter.get_traceback_html()
  File "/usr/local/lib/python3.10/dist-packages/django/views/debug.py", line 410, in get_traceback_html
    c = Context(self.get_traceback_data(), use_l10n=False)
  File "/usr/local/lib/python3.10/dist-packages/django/views/debug.py", line 393, in get_traceback_data
    c["raising_view_name"] = get_caller(self.request)
  File "/usr/local/lib/python3.10/dist-packages/django/views/debug.py", line 100, in get_caller
    resolver_match = resolve(request.path)
  File "/usr/local/lib/python3.10/dist-packages/django/urls/base.py", line 24, in resolve
    return get_resolver(urlconf).resolve(path)
  File "/usr/local/lib/python3.10/dist-packages/django/urls/resolvers.py", line 663, in resolve
    for pattern in self.url_patterns:
  File "/usr/local/lib/python3.10/dist-packages/django/utils/functional.py", line 57, in __get__
    res = instance.__dict__[self.name] = self.func(instance)
  File "/usr/local/lib/python3.10/dist-packages/django/urls/resolvers.py", line 715, in url_patterns
    patterns = getattr(self.urlconf_module, "urlpatterns", self.urlconf_module)
  File "/usr/local/lib/python3.10/dist-packages/django/utils/functional.py", line 57, in __get__
    res = instance.__dict__[self.name] = self.func(instance)
  File "/usr/local/lib/python3.10/dist-packages/django/urls/resolvers.py", line 708, in urlconf_module
    return import_module(self.urlconf_name)
  File "/usr/lib/python3.10/importlib/__init__.py", line 126, in import_module
    return _bootstrap._gcd_import(name[level:], package, level)
  File "<frozen importlib._bootstrap>", line 1050, in _gcd_import
  File "<frozen importlib._bootstrap>", line 1027, in _find_and_load
  File "<frozen importlib._bootstrap>", line 1006, in _find_and_load_unlocked
  File "<frozen importlib._bootstrap>", line 688, in _load_unlocked
  File "<frozen importlib._bootstrap_external>", line 883, in exec_module
  File "<frozen importlib._bootstrap>", line 241, in _call_with_frames_removed
  File "/home/ubuntu/BEERBUDDY/dkfriend-backend-latest/dkfriend_back/dkfriend_back/urls.py", line 28, in <module>
    path("bookings/", include("booking.urls")),
  File "/usr/local/lib/python3.10/dist-packages/django/urls/conf.py", line 38, in include
    urlconf_module = import_module(urlconf_module)
  File "/usr/lib/python3.10/importlib/__init__.py", line 126, in import_module
    return _bootstrap._gcd_import(name[level:], package, level)
  File "<frozen importlib._bootstrap>", line 1050, in _gcd_import
  File "<frozen importlib._bootstrap>", line 1027, in _find_and_load
  File "<frozen importlib._bootstrap>", line 1006, in _find_and_load_unlocked
  File "<frozen importlib._bootstrap>", line 688, in _load_unlocked
  File "<frozen importlib._bootstrap_external>", line 883, in exec_module
  File "<frozen importlib._bootstrap>", line 241, in _call_with_frames_removed
  File "/home/ubuntu/BEERBUDDY/dkfriend-backend-latest/dkfriend_back/booking/urls.py", line 3, in <module>
    from .views import *
  File "/home/ubuntu/BEERBUDDY/dkfriend-backend-latest/dkfriend_back/booking/views.py", line 48
    request.data["user"] = request.user.id
    ^^^^^^^
IndentationError: expected an indented block after function definition on line 47

During handling of the above exception, another exception occurred:

Traceback (most recent call last):
  File "/usr/local/lib/python3.10/dist-packages/django/core/handlers/exception.py", line 55, in inner
    response = get_response(request)
  File "/usr/local/lib/python3.10/dist-packages/django/utils/deprecation.py", line 134, in __call__
    response = response or self.get_response(request)
  File "/usr/local/lib/python3.10/dist-packages/django/core/handlers/exception.py", line 57, in inner
    response = response_for_exception(request, exc)
  File "/usr/local/lib/python3.10/dist-packages/django/core/handlers/exception.py", line 140, in response_for_exception
    response = handle_uncaught_exception(
  File "/usr/local/lib/python3.10/dist-packages/django/core/handlers/exception.py", line 181, in handle_uncaught_exception
    return debug.technical_500_response(request, *exc_info)
  File "/usr/local/lib/python3.10/dist-packages/django/views/debug.py", line 67, in technical_500_response
    html = reporter.get_traceback_html()
  File "/usr/local/lib/python3.10/dist-packages/django/views/debug.py", line 410, in get_traceback_html
    c = Context(self.get_traceback_data(), use_l10n=False)
  File "/usr/local/lib/python3.10/dist-packages/django/views/debug.py", line 393, in get_traceback_data
    c["raising_view_name"] = get_caller(self.request)
  File "/usr/local/lib/python3.10/dist-packages/django/views/debug.py", line 100, in get_caller
    resolver_match = resolve(request.path)
  File "/usr/local/lib/python3.10/dist-packages/django/urls/base.py", line 24, in resolve
    return get_resolver(urlconf).resolve(path)
  File "/usr/local/lib/python3.10/dist-packages/django/urls/resolvers.py", line 663, in resolve
    for pattern in self.url_patterns:
  File "/usr/local/lib/python3.10/dist-packages/django/utils/functional.py", line 57, in __get__
    res = instance.__dict__[self.name] = self.func(instance)
  File "/usr/local/lib/python3.10/dist-packages/django/urls/resolvers.py", line 715, in url_patterns
    patterns = getattr(self.urlconf_module, "urlpatterns", self.urlconf_module)
  File "/usr/local/lib/python3.10/dist-packages/django/utils/functional.py", line 57, in __get__
    res = instance.__dict__[self.name] = self.func(instance)
  File "/usr/local/lib/python3.10/dist-packages/django/urls/resolvers.py", line 708, in urlconf_module
    return import_module(self.urlconf_name)
  File "/usr/lib/python3.10/importlib/__init__.py", line 126, in import_module
    return _bootstrap._gcd_import(name[level:], package, level)
  File "<frozen importlib._bootstrap>", line 1050, in _gcd_import
  File "<frozen importlib._bootstrap>", line 1027, in _find_and_load
  File "<frozen importlib._bootstrap>", line 1006, in _find_and_load_unlocked
  File "<frozen importlib._bootstrap>", line 688, in _load_unlocked
  File "<frozen importlib._bootstrap_external>", line 883, in exec_module
  File "<frozen importlib._bootstrap>", line 241, in _call_with_frames_removed
  File "/home/ubuntu/BEERBUDDY/dkfriend-backend-latest/dkfriend_back/dkfriend_back/urls.py", line 28, in <module>
    path("bookings/", include("booking.urls")),
  File "/usr/local/lib/python3.10/dist-packages/django/urls/conf.py", line 38, in include
    urlconf_module = import_module(urlconf_module)
  File "/usr/lib/python3.10/importlib/__init__.py", line 126, in import_module
    return _bootstrap._gcd_import(name[level:], package, level)
  File "<frozen importlib._bootstrap>", line 1050, in _gcd_import
  File "<frozen importlib._bootstrap>", line 1027, in _find_and_load
  File "<frozen importlib._bootstrap>", line 1006, in _find_and_load_unlocked
  File "<frozen importlib._bootstrap>", line 688, in _load_unlocked
  File "<frozen importlib._bootstrap_external>", line 883, in exec_module
  File "<frozen importlib._bootstrap>", line 241, in _call_with_frames_removed
  File "/home/ubuntu/BEERBUDDY/dkfriend-backend-latest/dkfriend_back/booking/urls.py", line 3, in <module>
    from .views import *
  File "/home/ubuntu/BEERBUDDY/dkfriend-backend-latest/dkfriend_back/booking/views.py", line 48
    request.data["user"] = request.user.id
    ^^^^^^^
IndentationError: expected an indented block after function definition on line 47

During handling of the above exception, another exception occurred:

Traceback (most recent call last):
  File "/usr/local/lib/python3.10/dist-packages/django/core/handlers/exception.py", line 55, in inner
    response = get_response(request)
  File "/usr/local/lib/python3.10/dist-packages/django/utils/deprecation.py", line 134, in __call__
    response = response or self.get_response(request)
  File "/usr/local/lib/python3.10/dist-packages/django/core/handlers/exception.py", line 57, in inner
    response = response_for_exception(request, exc)
  File "/usr/local/lib/python3.10/dist-packages/django/core/handlers/exception.py", line 140, in response_for_exception
    response = handle_uncaught_exception(
  File "/usr/local/lib/python3.10/dist-packages/django/core/handlers/exception.py", line 181, in handle_uncaught_exception
    return debug.technical_500_response(request, *exc_info)
  File "/usr/local/lib/python3.10/dist-packages/django/views/debug.py", line 67, in technical_500_response
    html = reporter.get_traceback_html()
  File "/usr/local/lib/python3.10/dist-packages/django/views/debug.py", line 410, in get_traceback_html
    c = Context(self.get_traceback_data(), use_l10n=False)
  File "/usr/local/lib/python3.10/dist-packages/django/views/debug.py", line 393, in get_traceback_data
    c["raising_view_name"] = get_caller(self.request)
  File "/usr/local/lib/python3.10/dist-packages/django/views/debug.py", line 100, in get_caller
    resolver_match = resolve(request.path)
  File "/usr/local/lib/python3.10/dist-packages/django/urls/base.py", line 24, in resolve
    return get_resolver(urlconf).resolve(path)
  File "/usr/local/lib/python3.10/dist-packages/django/urls/resolvers.py", line 663, in resolve
    for pattern in self.url_patterns:
  File "/usr/local/lib/python3.10/dist-packages/django/utils/functional.py", line 57, in __get__
    res = instance.__dict__[self.name] = self.func(instance)
  File "/usr/local/lib/python3.10/dist-packages/django/urls/resolvers.py", line 715, in url_patterns
    patterns = getattr(self.urlconf_module, "urlpatterns", self.urlconf_module)
  File "/usr/local/lib/python3.10/dist-packages/django/utils/functional.py", line 57, in __get__
    res = instance.__dict__[self.name] = self.func(instance)
  File "/usr/local/lib/python3.10/dist-packages/django/urls/resolvers.py", line 708, in urlconf_module
    return import_module(self.urlconf_name)
  File "/usr/lib/python3.10/importlib/__init__.py", line 126, in import_module
    return _bootstrap._gcd_import(name[level:], package, level)
  File "<frozen importlib._bootstrap>", line 1050, in _gcd_import
  File "<frozen importlib._bootstrap>", line 1027, in _find_and_load
  File "<frozen importlib._bootstrap>", line 1006, in _find_and_load_unlocked
  File "<frozen importlib._bootstrap>", line 688, in _load_unlocked
  File "<frozen importlib._bootstrap_external>", line 883, in exec_module
  File "<frozen importlib._bootstrap>", line 241, in _call_with_frames_removed
  File "/home/ubuntu/BEERBUDDY/dkfriend-backend-latest/dkfriend_back/dkfriend_back/urls.py", line 28, in <module>
    path("bookings/", include("booking.urls")),
  File "/usr/local/lib/python3.10/dist-packages/django/urls/conf.py", line 38, in include
    urlconf_module = import_module(urlconf_module)
  File "/usr/lib/python3.10/importlib/__init__.py", line 126, in import_module
    return _bootstrap._gcd_import(name[level:], package, level)
  File "<frozen importlib._bootstrap>", line 1050, in _gcd_import
  File "<frozen importlib._bootstrap>", line 1027, in _find_and_load
  File "<frozen importlib._bootstrap>", line 1006, in _find_and_load_unlocked
  File "<frozen importlib._bootstrap>", line 688, in _load_unlocked
  File "<frozen importlib._bootstrap_external>", line 883, in exec_module
  File "<frozen importlib._bootstrap>", line 241, in _call_with_frames_removed
  File "/home/ubuntu/BEERBUDDY/dkfriend-backend-latest/dkfriend_back/booking/urls.py", line 3, in <module>
    from .views import *
  File "/home/ubuntu/BEERBUDDY/dkfriend-backend-latest/dkfriend_back/booking/views.py", line 48
    request.data["user"] = request.user.id
    ^^^^^^^
IndentationError: expected an indented block after function definition on line 47

During handling of the above exception, another exception occurred:

Traceback (most recent call last):
  File "/usr/local/lib/python3.10/dist-packages/django/core/handlers/exception.py", line 55, in inner
    response = get_response(request)
  File "/usr/local/lib/python3.10/dist-packages/corsheaders/middleware.py", line 56, in __call__
    result = self.get_response(request)
  File "/usr/local/lib/python3.10/dist-packages/django/core/handlers/exception.py", line 57, in inner
    response = response_for_exception(request, exc)
  File "/usr/local/lib/python3.10/dist-packages/django/core/handlers/exception.py", line 140, in response_for_exception
    response = handle_uncaught_exception(
  File "/usr/local/lib/python3.10/dist-packages/django/core/handlers/exception.py", line 181, in handle_uncaught_exception
    return debug.technical_500_response(request, *exc_info)
  File "/usr/local/lib/python3.10/dist-packages/django/views/debug.py", line 67, in technical_500_response
    html = reporter.get_traceback_html()
  File "/usr/local/lib/python3.10/dist-packages/django/views/debug.py", line 410, in get_traceback_html
    c = Context(self.get_traceback_data(), use_l10n=False)
  File "/usr/local/lib/python3.10/dist-packages/django/views/debug.py", line 393, in get_traceback_data
    c["raising_view_name"] = get_caller(self.request)
  File "/usr/local/lib/python3.10/dist-packages/django/views/debug.py", line 100, in get_caller
    resolver_match = resolve(request.path)
  File "/usr/local/lib/python3.10/dist-packages/django/urls/base.py", line 24, in resolve
    return get_resolver(urlconf).resolve(path)
  File "/usr/local/lib/python3.10/dist-packages/django/urls/resolvers.py", line 663, in resolve
    for pattern in self.url_patterns:
  File "/usr/local/lib/python3.10/dist-packages/django/utils/functional.py", line 57, in __get__
    res = instance.__dict__[self.name] = self.func(instance)
  File "/usr/local/lib/python3.10/dist-packages/django/urls/resolvers.py", line 715, in url_patterns
    patterns = getattr(self.urlconf_module, "urlpatterns", self.urlconf_module)
  File "/usr/local/lib/python3.10/dist-packages/django/utils/functional.py", line 57, in __get__
    res = instance.__dict__[self.name] = self.func(instance)
  File "/usr/local/lib/python3.10/dist-packages/django/urls/resolvers.py", line 708, in urlconf_module
    return import_module(self.urlconf_name)
  File "/usr/lib/python3.10/importlib/__init__.py", line 126, in import_module
    return _bootstrap._gcd_import(name[level:], package, level)
  File "<frozen importlib._bootstrap>", line 1050, in _gcd_import
  File "<frozen importlib._bootstrap>", line 1027, in _find_and_load
  File "<frozen importlib._bootstrap>", line 1006, in _find_and_load_unlocked
  File "<frozen importlib._bootstrap>", line 688, in _load_unlocked
  File "<frozen importlib._bootstrap_external>", line 883, in exec_module
  File "<frozen importlib._bootstrap>", line 241, in _call_with_frames_removed
  File "/home/ubuntu/BEERBUDDY/dkfriend-backend-latest/dkfriend_back/dkfriend_back/urls.py", line 28, in <module>
    path("bookings/", include("booking.urls")),
  File "/usr/local/lib/python3.10/dist-packages/django/urls/conf.py", line 38, in include
    urlconf_module = import_module(urlconf_module)
  File "/usr/lib/python3.10/importlib/__init__.py", line 126, in import_module
    return _bootstrap._gcd_import(name[level:], package, level)
  File "<frozen importlib._bootstrap>", line 1050, in _gcd_import
  File "<frozen importlib._bootstrap>", line 1027, in _find_and_load
  File "<frozen importlib._bootstrap>", line 1006, in _find_and_load_unlocked
  File "<frozen importlib._bootstrap>", line 688, in _load_unlocked
  File "<frozen importlib._bootstrap_external>", line 883, in exec_module
  File "<frozen importlib._bootstrap>", line 241, in _call_with_frames_removed
  File "/home/ubuntu/BEERBUDDY/dkfriend-backend-latest/dkfriend_back/booking/urls.py", line 3, in <module>
    from .views import *
  File "/home/ubuntu/BEERBUDDY/dkfriend-backend-latest/dkfriend_back/booking/views.py", line 48
    request.data["user"] = request.user.id
    ^^^^^^^
IndentationError: expected an indented block after function definition on line 47

During handling of the above exception, another exception occurred:

Traceback (most recent call last):
  File "/usr/local/lib/python3.10/dist-packages/gunicorn/workers/sync.py", line 135, in handle
    self.handle_request(listener, req, client, addr)
  File "/usr/local/lib/python3.10/dist-packages/gunicorn/workers/sync.py", line 178, in handle_request
    respiter = self.wsgi(environ, resp.start_response)
  File "/usr/local/lib/python3.10/dist-packages/django/core/handlers/wsgi.py", line 124, in __call__
    response = self.get_response(request)
  File "/usr/local/lib/python3.10/dist-packages/django/core/handlers/base.py", line 140, in get_response
    response = self._middleware_chain(request)
  File "/usr/local/lib/python3.10/dist-packages/django/core/handlers/exception.py", line 57, in inner
    response = response_for_exception(request, exc)
  File "/usr/local/lib/python3.10/dist-packages/django/core/handlers/exception.py", line 140, in response_for_exception
    response = handle_uncaught_exception(
  File "/usr/local/lib/python3.10/dist-packages/django/core/handlers/exception.py", line 181, in handle_uncaught_exception
    return debug.technical_500_response(request, *exc_info)
  File "/usr/local/lib/python3.10/dist-packages/django/views/debug.py", line 67, in technical_500_response
    html = reporter.get_traceback_html()
  File "/usr/local/lib/python3.10/dist-packages/django/views/debug.py", line 410, in get_traceback_html
    c = Context(self.get_traceback_data(), use_l10n=False)
  File "/usr/local/lib/python3.10/dist-packages/django/views/debug.py", line 393, in get_traceback_data
    c["raising_view_name"] = get_caller(self.request)
  File "/usr/local/lib/python3.10/dist-packages/django/views/debug.py", line 100, in get_caller
    resolver_match = resolve(request.path)
  File "/usr/local/lib/python3.10/dist-packages/django/urls/base.py", line 24, in resolve
    return get_resolver(urlconf).resolve(path)
  File "/usr/local/lib/python3.10/dist-packages/django/urls/resolvers.py", line 663, in resolve
    for pattern in self.url_patterns:
  File "/usr/local/lib/python3.10/dist-packages/django/utils/functional.py", line 57, in __get__
    res = instance.__dict__[self.name] = self.func(instance)
  File "/usr/local/lib/python3.10/dist-packages/django/urls/resolvers.py", line 715, in url_patterns
    patterns = getattr(self.urlconf_module, "urlpatterns", self.urlconf_module)
  File "/usr/local/lib/python3.10/dist-packages/django/utils/functional.py", line 57, in __get__
    res = instance.__dict__[self.name] = self.func(instance)
  File "/usr/local/lib/python3.10/dist-packages/django/urls/resolvers.py", line 708, in urlconf_module
    return import_module(self.urlconf_name)
  File "/usr/lib/python3.10/importlib/__init__.py", line 126, in import_module
    return _bootstrap._gcd_import(name[level:], package, level)
  File "<frozen importlib._bootstrap>", line 1050, in _gcd_import
  File "<frozen importlib._bootstrap>", line 1027, in _find_and_load
  File "<frozen importlib._bootstrap>", line 1006, in _find_and_load_unlocked
  File "<frozen importlib._bootstrap>", line 688, in _load_unlocked
  File "<frozen importlib._bootstrap_external>", line 883, in exec_module
  File "<frozen importlib._bootstrap>", line 241, in _call_with_frames_removed
  File "/home/ubuntu/BEERBUDDY/dkfriend-backend-latest/dkfriend_back/dkfriend_back/urls.py", line 28, in <module>
    path("bookings/", include("booking.urls")),
  File "/usr/local/lib/python3.10/dist-packages/django/urls/conf.py", line 38, in include
    urlconf_module = import_module(urlconf_module)
  File "/usr/lib/python3.10/importlib/__init__.py", line 126, in import_module
    return _bootstrap._gcd_import(name[level:], package, level)
  File "<frozen importlib._bootstrap>", line 1050, in _gcd_import
  File "<frozen importlib._bootstrap>", line 1027, in _find_and_load
  File "<frozen importlib._bootstrap>", line 1006, in _find_and_load_unlocked
  File "<frozen importlib._bootstrap>", line 688, in _load_unlocked
  File "<frozen importlib._bootstrap_external>", line 883, in exec_module
  File "<frozen importlib._bootstrap>", line 241, in _call_with_frames_removed
  File "/home/ubuntu/BEERBUDDY/dkfriend-backend-latest/dkfriend_back/booking/urls.py", line 3, in <module>
    from .views import *
  File "/home/ubuntu/BEERBUDDY/dkfriend-backend-latest/dkfriend_back/booking/views.py", line 48
    request.data["user"] = request.user.id
    ^^^^^^^
IndentationError: expected an indented block after function definition on line 47
[2024-07-20 18:21:21 +0900] [56869] [ERROR] Error handling request /
Traceback (most recent call last):
  File "/usr/local/lib/python3.10/dist-packages/django/core/handlers/exception.py", line 55, in inner
    response = get_response(request)
  File "/usr/local/lib/python3.10/dist-packages/django/core/handlers/base.py", line 181, in _get_response
    callback, callback_args, callback_kwargs = self.resolve_request(request)
  File "/usr/local/lib/python3.10/dist-packages/django/core/handlers/base.py", line 313, in resolve_request
    resolver_match = resolver.resolve(request.path_info)
  File "/usr/local/lib/python3.10/dist-packages/django/urls/resolvers.py", line 663, in resolve
    for pattern in self.url_patterns:
  File "/usr/local/lib/python3.10/dist-packages/django/utils/functional.py", line 57, in __get__
    res = instance.__dict__[self.name] = self.func(instance)
  File "/usr/local/lib/python3.10/dist-packages/django/urls/resolvers.py", line 715, in url_patterns
    patterns = getattr(self.urlconf_module, "urlpatterns", self.urlconf_module)
  File "/usr/local/lib/python3.10/dist-packages/django/utils/functional.py", line 57, in __get__
    res = instance.__dict__[self.name] = self.func(instance)
  File "/usr/local/lib/python3.10/dist-packages/django/urls/resolvers.py", line 708, in urlconf_module
    return import_module(self.urlconf_name)
  File "/usr/lib/python3.10/importlib/__init__.py", line 126, in import_module
    return _bootstrap._gcd_import(name[level:], package, level)
  File "<frozen importlib._bootstrap>", line 1050, in _gcd_import
  File "<frozen importlib._bootstrap>", line 1027, in _find_and_load
  File "<frozen importlib._bootstrap>", line 1006, in _find_and_load_unlocked
  File "<frozen importlib._bootstrap>", line 688, in _load_unlocked
  File "<frozen importlib._bootstrap_external>", line 883, in exec_module
  File "<frozen importlib._bootstrap>", line 241, in _call_with_frames_removed
  File "/home/ubuntu/BEERBUDDY/dkfriend-backend-latest/dkfriend_back/dkfriend_back/urls.py", line 28, in <module>
    path("bookings/", include("booking.urls")),
  File "/usr/local/lib/python3.10/dist-packages/django/urls/conf.py", line 38, in include
    urlconf_module = import_module(urlconf_module)
  File "/usr/lib/python3.10/importlib/__init__.py", line 126, in import_module
    return _bootstrap._gcd_import(name[level:], package, level)
  File "<frozen importlib._bootstrap>", line 1050, in _gcd_import
  File "<frozen importlib._bootstrap>", line 1027, in _find_and_load
  File "<frozen importlib._bootstrap>", line 1006, in _find_and_load_unlocked
  File "<frozen importlib._bootstrap>", line 688, in _load_unlocked
  File "<frozen importlib._bootstrap_external>", line 883, in exec_module
  File "<frozen importlib._bootstrap>", line 241, in _call_with_frames_removed
  File "/home/ubuntu/BEERBUDDY/dkfriend-backend-latest/dkfriend_back/booking/urls.py", line 3, in <module>
    from .views import *
  File "/home/ubuntu/BEERBUDDY/dkfriend-backend-latest/dkfriend_back/booking/views.py", line 48
    request.data["user"] = request.user.id
    ^^^^^^^
IndentationError: expected an indented block after function definition on line 47

During handling of the above exception, another exception occurred:

Traceback (most recent call last):
  File "/usr/local/lib/python3.10/dist-packages/django/core/handlers/exception.py", line 55, in inner
    response = get_response(request)
  File "/usr/local/lib/python3.10/dist-packages/django/utils/deprecation.py", line 134, in __call__
    response = response or self.get_response(request)
  File "/usr/local/lib/python3.10/dist-packages/django/core/handlers/exception.py", line 57, in inner
    response = response_for_exception(request, exc)
  File "/usr/local/lib/python3.10/dist-packages/django/core/handlers/exception.py", line 140, in response_for_exception
    response = handle_uncaught_exception(
  File "/usr/local/lib/python3.10/dist-packages/django/core/handlers/exception.py", line 181, in handle_uncaught_exception
    return debug.technical_500_response(request, *exc_info)
  File "/usr/local/lib/python3.10/dist-packages/django/views/debug.py", line 67, in technical_500_response
    html = reporter.get_traceback_html()
  File "/usr/local/lib/python3.10/dist-packages/django/views/debug.py", line 410, in get_traceback_html
    c = Context(self.get_traceback_data(), use_l10n=False)
  File "/usr/local/lib/python3.10/dist-packages/django/views/debug.py", line 393, in get_traceback_data
    c["raising_view_name"] = get_caller(self.request)
  File "/usr/local/lib/python3.10/dist-packages/django/views/debug.py", line 100, in get_caller
    resolver_match = resolve(request.path)
  File "/usr/local/lib/python3.10/dist-packages/django/urls/base.py", line 24, in resolve
    return get_resolver(urlconf).resolve(path)
  File "/usr/local/lib/python3.10/dist-packages/django/urls/resolvers.py", line 663, in resolve
    for pattern in self.url_patterns:
  File "/usr/local/lib/python3.10/dist-packages/django/utils/functional.py", line 57, in __get__
    res = instance.__dict__[self.name] = self.func(instance)
  File "/usr/local/lib/python3.10/dist-packages/django/urls/resolvers.py", line 715, in url_patterns
    patterns = getattr(self.urlconf_module, "urlpatterns", self.urlconf_module)
  File "/usr/local/lib/python3.10/dist-packages/django/utils/functional.py", line 57, in __get__
    res = instance.__dict__[self.name] = self.func(instance)
  File "/usr/local/lib/python3.10/dist-packages/django/urls/resolvers.py", line 708, in urlconf_module
    return import_module(self.urlconf_name)
  File "/usr/lib/python3.10/importlib/__init__.py", line 126, in import_module
    return _bootstrap._gcd_import(name[level:], package, level)
  File "<frozen importlib._bootstrap>", line 1050, in _gcd_import
  File "<frozen importlib._bootstrap>", line 1027, in _find_and_load
  File "<frozen importlib._bootstrap>", line 1006, in _find_and_load_unlocked
  File "<frozen importlib._bootstrap>", line 688, in _load_unlocked
  File "<frozen importlib._bootstrap_external>", line 883, in exec_module
  File "<frozen importlib._bootstrap>", line 241, in _call_with_frames_removed
  File "/home/ubuntu/BEERBUDDY/dkfriend-backend-latest/dkfriend_back/dkfriend_back/urls.py", line 28, in <module>
    path("bookings/", include("booking.urls")),
  File "/usr/local/lib/python3.10/dist-packages/django/urls/conf.py", line 38, in include
    urlconf_module = import_module(urlconf_module)
  File "/usr/lib/python3.10/importlib/__init__.py", line 126, in import_module
    return _bootstrap._gcd_import(name[level:], package, level)
  File "<frozen importlib._bootstrap>", line 1050, in _gcd_import
  File "<frozen importlib._bootstrap>", line 1027, in _find_and_load
  File "<frozen importlib._bootstrap>", line 1006, in _find_and_load_unlocked
  File "<frozen importlib._bootstrap>", line 688, in _load_unlocked
  File "<frozen importlib._bootstrap_external>", line 883, in exec_module
  File "<frozen importlib._bootstrap>", line 241, in _call_with_frames_removed
  File "/home/ubuntu/BEERBUDDY/dkfriend-backend-latest/dkfriend_back/booking/urls.py", line 3, in <module>
    from .views import *
  File "/home/ubuntu/BEERBUDDY/dkfriend-backend-latest/dkfriend_back/booking/views.py", line 48
    request.data["user"] = request.user.id
    ^^^^^^^
IndentationError: expected an indented block after function definition on line 47

During handling of the above exception, another exception occurred:

Traceback (most recent call last):
  File "/usr/local/lib/python3.10/dist-packages/django/core/handlers/exception.py", line 55, in inner
    response = get_response(request)
  File "/usr/local/lib/python3.10/dist-packages/django/utils/deprecation.py", line 134, in __call__
    response = response or self.get_response(request)
  File "/usr/local/lib/python3.10/dist-packages/django/core/handlers/exception.py", line 57, in inner
    response = response_for_exception(request, exc)
  File "/usr/local/lib/python3.10/dist-packages/django/core/handlers/exception.py", line 140, in response_for_exception
    response = handle_uncaught_exception(
  File "/usr/local/lib/python3.10/dist-packages/django/core/handlers/exception.py", line 181, in handle_uncaught_exception
    return debug.technical_500_response(request, *exc_info)
  File "/usr/local/lib/python3.10/dist-packages/django/views/debug.py", line 67, in technical_500_response
    html = reporter.get_traceback_html()
  File "/usr/local/lib/python3.10/dist-packages/django/views/debug.py", line 410, in get_traceback_html
    c = Context(self.get_traceback_data(), use_l10n=False)
  File "/usr/local/lib/python3.10/dist-packages/django/views/debug.py", line 393, in get_traceback_data
    c["raising_view_name"] = get_caller(self.request)
  File "/usr/local/lib/python3.10/dist-packages/django/views/debug.py", line 100, in get_caller
    resolver_match = resolve(request.path)
  File "/usr/local/lib/python3.10/dist-packages/django/urls/base.py", line 24, in resolve
    return get_resolver(urlconf).resolve(path)
  File "/usr/local/lib/python3.10/dist-packages/django/urls/resolvers.py", line 663, in resolve
    for pattern in self.url_patterns:
  File "/usr/local/lib/python3.10/dist-packages/django/utils/functional.py", line 57, in __get__
    res = instance.__dict__[self.name] = self.func(instance)
  File "/usr/local/lib/python3.10/dist-packages/django/urls/resolvers.py", line 715, in url_patterns
    patterns = getattr(self.urlconf_module, "urlpatterns", self.urlconf_module)
  File "/usr/local/lib/python3.10/dist-packages/django/utils/functional.py", line 57, in __get__
    res = instance.__dict__[self.name] = self.func(instance)
  File "/usr/local/lib/python3.10/dist-packages/django/urls/resolvers.py", line 708, in urlconf_module
    return import_module(self.urlconf_name)
  File "/usr/lib/python3.10/importlib/__init__.py", line 126, in import_module
    return _bootstrap._gcd_import(name[level:], package, level)
  File "<frozen importlib._bootstrap>", line 1050, in _gcd_import
  File "<frozen importlib._bootstrap>", line 1027, in _find_and_load
  File "<frozen importlib._bootstrap>", line 1006, in _find_and_load_unlocked
  File "<frozen importlib._bootstrap>", line 688, in _load_unlocked
  File "<frozen importlib._bootstrap_external>", line 883, in exec_module
  File "<frozen importlib._bootstrap>", line 241, in _call_with_frames_removed
  File "/home/ubuntu/BEERBUDDY/dkfriend-backend-latest/dkfriend_back/dkfriend_back/urls.py", line 28, in <module>
    path("bookings/", include("booking.urls")),
  File "/usr/local/lib/python3.10/dist-packages/django/urls/conf.py", line 38, in include
    urlconf_module = import_module(urlconf_module)
  File "/usr/lib/python3.10/importlib/__init__.py", line 126, in import_module
    return _bootstrap._gcd_import(name[level:], package, level)
  File "<frozen importlib._bootstrap>", line 1050, in _gcd_import
  File "<frozen importlib._bootstrap>", line 1027, in _find_and_load
  File "<frozen importlib._bootstrap>", line 1006, in _find_and_load_unlocked
  File "<frozen importlib._bootstrap>", line 688, in _load_unlocked
  File "<frozen importlib._bootstrap_external>", line 883, in exec_module
  File "<frozen importlib._bootstrap>", line 241, in _call_with_frames_removed
  File "/home/ubuntu/BEERBUDDY/dkfriend-backend-latest/dkfriend_back/booking/urls.py", line 3, in <module>
    from .views import *
  File "/home/ubuntu/BEERBUDDY/dkfriend-backend-latest/dkfriend_back/booking/views.py", line 48
    request.data["user"] = request.user.id
    ^^^^^^^
IndentationError: expected an indented block after function definition on line 47

During handling of the above exception, another exception occurred:

Traceback (most recent call last):
  File "/usr/local/lib/python3.10/dist-packages/django/core/handlers/exception.py", line 55, in inner
    response = get_response(request)
  File "/usr/local/lib/python3.10/dist-packages/django/utils/deprecation.py", line 134, in __call__
    response = response or self.get_response(request)
  File "/usr/local/lib/python3.10/dist-packages/django/core/handlers/exception.py", line 57, in inner
    response = response_for_exception(request, exc)
  File "/usr/local/lib/python3.10/dist-packages/django/core/handlers/exception.py", line 140, in response_for_exception
    response = handle_uncaught_exception(
  File "/usr/local/lib/python3.10/dist-packages/django/core/handlers/exception.py", line 181, in handle_uncaught_exception
    return debug.technical_500_response(request, *exc_info)
  File "/usr/local/lib/python3.10/dist-packages/django/views/debug.py", line 67, in technical_500_response
    html = reporter.get_traceback_html()
  File "/usr/local/lib/python3.10/dist-packages/django/views/debug.py", line 410, in get_traceback_html
    c = Context(self.get_traceback_data(), use_l10n=False)
  File "/usr/local/lib/python3.10/dist-packages/django/views/debug.py", line 393, in get_traceback_data
    c["raising_view_name"] = get_caller(self.request)
  File "/usr/local/lib/python3.10/dist-packages/django/views/debug.py", line 100, in get_caller
    resolver_match = resolve(request.path)
  File "/usr/local/lib/python3.10/dist-packages/django/urls/base.py", line 24, in resolve
    return get_resolver(urlconf).resolve(path)
  File "/usr/local/lib/python3.10/dist-packages/django/urls/resolvers.py", line 663, in resolve
    for pattern in self.url_patterns:
  File "/usr/local/lib/python3.10/dist-packages/django/utils/functional.py", line 57, in __get__
    res = instance.__dict__[self.name] = self.func(instance)
  File "/usr/local/lib/python3.10/dist-packages/django/urls/resolvers.py", line 715, in url_patterns
    patterns = getattr(self.urlconf_module, "urlpatterns", self.urlconf_module)
  File "/usr/local/lib/python3.10/dist-packages/django/utils/functional.py", line 57, in __get__
    res = instance.__dict__[self.name] = self.func(instance)
  File "/usr/local/lib/python3.10/dist-packages/django/urls/resolvers.py", line 708, in urlconf_module
    return import_module(self.urlconf_name)
  File "/usr/lib/python3.10/importlib/__init__.py", line 126, in import_module
    return _bootstrap._gcd_import(name[level:], package, level)
  File "<frozen importlib._bootstrap>", line 1050, in _gcd_import
  File "<frozen importlib._bootstrap>", line 1027, in _find_and_load
  File "<frozen importlib._bootstrap>", line 1006, in _find_and_load_unlocked
  File "<frozen importlib._bootstrap>", line 688, in _load_unlocked
  File "<frozen importlib._bootstrap_external>", line 883, in exec_module
  File "<frozen importlib._bootstrap>", line 241, in _call_with_frames_removed
  File "/home/ubuntu/BEERBUDDY/dkfriend-backend-latest/dkfriend_back/dkfriend_back/urls.py", line 28, in <module>
    path("bookings/", include("booking.urls")),
  File "/usr/local/lib/python3.10/dist-packages/django/urls/conf.py", line 38, in include
    urlconf_module = import_module(urlconf_module)
  File "/usr/lib/python3.10/importlib/__init__.py", line 126, in import_module
    return _bootstrap._gcd_import(name[level:], package, level)
  File "<frozen importlib._bootstrap>", line 1050, in _gcd_import
  File "<frozen importlib._bootstrap>", line 1027, in _find_and_load
  File "<frozen importlib._bootstrap>", line 1006, in _find_and_load_unlocked
  File "<frozen importlib._bootstrap>", line 688, in _load_unlocked
  File "<frozen importlib._bootstrap_external>", line 883, in exec_module
  File "<frozen importlib._bootstrap>", line 241, in _call_with_frames_removed
  File "/home/ubuntu/BEERBUDDY/dkfriend-backend-latest/dkfriend_back/booking/urls.py", line 3, in <module>
    from .views import *
  File "/home/ubuntu/BEERBUDDY/dkfriend-backend-latest/dkfriend_back/booking/views.py", line 48
    request.data["user"] = request.user.id
    ^^^^^^^
IndentationError: expected an indented block after function definition on line 47

During handling of the above exception, another exception occurred:

Traceback (most recent call last):
  File "/usr/local/lib/python3.10/dist-packages/django/core/handlers/exception.py", line 55, in inner
    response = get_response(request)
  File "/usr/local/lib/python3.10/dist-packages/django/utils/deprecation.py", line 134, in __call__
    response = response or self.get_response(request)
  File "/usr/local/lib/python3.10/dist-packages/django/core/handlers/exception.py", line 57, in inner
    response = response_for_exception(request, exc)
  File "/usr/local/lib/python3.10/dist-packages/django/core/handlers/exception.py", line 140, in response_for_exception
    response = handle_uncaught_exception(
  File "/usr/local/lib/python3.10/dist-packages/django/core/handlers/exception.py", line 181, in handle_uncaught_exception
    return debug.technical_500_response(request, *exc_info)
  File "/usr/local/lib/python3.10/dist-packages/django/views/debug.py", line 67, in technical_500_response
    html = reporter.get_traceback_html()
  File "/usr/local/lib/python3.10/dist-packages/django/views/debug.py", line 410, in get_traceback_html
    c = Context(self.get_traceback_data(), use_l10n=False)
  File "/usr/local/lib/python3.10/dist-packages/django/views/debug.py", line 393, in get_traceback_data
    c["raising_view_name"] = get_caller(self.request)
  File "/usr/local/lib/python3.10/dist-packages/django/views/debug.py", line 100, in get_caller
    resolver_match = resolve(request.path)
  File "/usr/local/lib/python3.10/dist-packages/django/urls/base.py", line 24, in resolve
    return get_resolver(urlconf).resolve(path)
  File "/usr/local/lib/python3.10/dist-packages/django/urls/resolvers.py", line 663, in resolve
    for pattern in self.url_patterns:
  File "/usr/local/lib/python3.10/dist-packages/django/utils/functional.py", line 57, in __get__
    res = instance.__dict__[self.name] = self.func(instance)
  File "/usr/local/lib/python3.10/dist-packages/django/urls/resolvers.py", line 715, in url_patterns
    patterns = getattr(self.urlconf_module, "urlpatterns", self.urlconf_module)
  File "/usr/local/lib/python3.10/dist-packages/django/utils/functional.py", line 57, in __get__
    res = instance.__dict__[self.name] = self.func(instance)
  File "/usr/local/lib/python3.10/dist-packages/django/urls/resolvers.py", line 708, in urlconf_module
    return import_module(self.urlconf_name)
  File "/usr/lib/python3.10/importlib/__init__.py", line 126, in import_module
    return _bootstrap._gcd_import(name[level:], package, level)
  File "<frozen importlib._bootstrap>", line 1050, in _gcd_import
  File "<frozen importlib._bootstrap>", line 1027, in _find_and_load
  File "<frozen importlib._bootstrap>", line 1006, in _find_and_load_unlocked
  File "<frozen importlib._bootstrap>", line 688, in _load_unlocked
  File "<frozen importlib._bootstrap_external>", line 883, in exec_module
  File "<frozen importlib._bootstrap>", line 241, in _call_with_frames_removed
  File "/home/ubuntu/BEERBUDDY/dkfriend-backend-latest/dkfriend_back/dkfriend_back/urls.py", line 28, in <module>
    path("bookings/", include("booking.urls")),
  File "/usr/local/lib/python3.10/dist-packages/django/urls/conf.py", line 38, in include
    urlconf_module = import_module(urlconf_module)
  File "/usr/lib/python3.10/importlib/__init__.py", line 126, in import_module
    return _bootstrap._gcd_import(name[level:], package, level)
  File "<frozen importlib._bootstrap>", line 1050, in _gcd_import
  File "<frozen importlib._bootstrap>", line 1027, in _find_and_load
  File "<frozen importlib._bootstrap>", line 1006, in _find_and_load_unlocked
  File "<frozen importlib._bootstrap>", line 688, in _load_unlocked
  File "<frozen importlib._bootstrap_external>", line 883, in exec_module
  File "<frozen importlib._bootstrap>", line 241, in _call_with_frames_removed
  File "/home/ubuntu/BEERBUDDY/dkfriend-backend-latest/dkfriend_back/booking/urls.py", line 3, in <module>
    from .views import *
  File "/home/ubuntu/BEERBUDDY/dkfriend-backend-latest/dkfriend_back/booking/views.py", line 48
    request.data["user"] = request.user.id
    ^^^^^^^
IndentationError: expected an indented block after function definition on line 47

During handling of the above exception, another exception occurred:

Traceback (most recent call last):
  File "/usr/local/lib/python3.10/dist-packages/django/core/handlers/exception.py", line 55, in inner
    response = get_response(request)
  File "/usr/local/lib/python3.10/dist-packages/django/utils/deprecation.py", line 134, in __call__
    response = response or self.get_response(request)
  File "/usr/local/lib/python3.10/dist-packages/django/core/handlers/exception.py", line 57, in inner
    response = response_for_exception(request, exc)
  File "/usr/local/lib/python3.10/dist-packages/django/core/handlers/exception.py", line 140, in response_for_exception
    response = handle_uncaught_exception(
  File "/usr/local/lib/python3.10/dist-packages/django/core/handlers/exception.py", line 181, in handle_uncaught_exception
    return debug.technical_500_response(request, *exc_info)
  File "/usr/local/lib/python3.10/dist-packages/django/views/debug.py", line 67, in technical_500_response
    html = reporter.get_traceback_html()
  File "/usr/local/lib/python3.10/dist-packages/django/views/debug.py", line 410, in get_traceback_html
    c = Context(self.get_traceback_data(), use_l10n=False)
  File "/usr/local/lib/python3.10/dist-packages/django/views/debug.py", line 393, in get_traceback_data
    c["raising_view_name"] = get_caller(self.request)
  File "/usr/local/lib/python3.10/dist-packages/django/views/debug.py", line 100, in get_caller
    resolver_match = resolve(request.path)
  File "/usr/local/lib/python3.10/dist-packages/django/urls/base.py", line 24, in resolve
    return get_resolver(urlconf).resolve(path)
  File "/usr/local/lib/python3.10/dist-packages/django/urls/resolvers.py", line 663, in resolve
    for pattern in self.url_patterns:
  File "/usr/local/lib/python3.10/dist-packages/django/utils/functional.py", line 57, in __get__
    res = instance.__dict__[self.name] = self.func(instance)
  File "/usr/local/lib/python3.10/dist-packages/django/urls/resolvers.py", line 715, in url_patterns
    patterns = getattr(self.urlconf_module, "urlpatterns", self.urlconf_module)
  File "/usr/local/lib/python3.10/dist-packages/django/utils/functional.py", line 57, in __get__
    res = instance.__dict__[self.name] = self.func(instance)
  File "/usr/local/lib/python3.10/dist-packages/django/urls/resolvers.py", line 708, in urlconf_module
    return import_module(self.urlconf_name)
  File "/usr/lib/python3.10/importlib/__init__.py", line 126, in import_module
    return _bootstrap._gcd_import(name[level:], package, level)
  File "<frozen importlib._bootstrap>", line 1050, in _gcd_import
  File "<frozen importlib._bootstrap>", line 1027, in _find_and_load
  File "<frozen importlib._bootstrap>", line 1006, in _find_and_load_unlocked
  File "<frozen importlib._bootstrap>", line 688, in _load_unlocked
  File "<frozen importlib._bootstrap_external>", line 883, in exec_module
  File "<frozen importlib._bootstrap>", line 241, in _call_with_frames_removed
  File "/home/ubuntu/BEERBUDDY/dkfriend-backend-latest/dkfriend_back/dkfriend_back/urls.py", line 28, in <module>
    path("bookings/", include("booking.urls")),
  File "/usr/local/lib/python3.10/dist-packages/django/urls/conf.py", line 38, in include
    urlconf_module = import_module(urlconf_module)
  File "/usr/lib/python3.10/importlib/__init__.py", line 126, in import_module
    return _bootstrap._gcd_import(name[level:], package, level)
  File "<frozen importlib._bootstrap>", line 1050, in _gcd_import
  File "<frozen importlib._bootstrap>", line 1027, in _find_and_load
  File "<frozen importlib._bootstrap>", line 1006, in _find_and_load_unlocked
  File "<frozen importlib._bootstrap>", line 688, in _load_unlocked
  File "<frozen importlib._bootstrap_external>", line 883, in exec_module
  File "<frozen importlib._bootstrap>", line 241, in _call_with_frames_removed
  File "/home/ubuntu/BEERBUDDY/dkfriend-backend-latest/dkfriend_back/booking/urls.py", line 3, in <module>
    from .views import *
  File "/home/ubuntu/BEERBUDDY/dkfriend-backend-latest/dkfriend_back/booking/views.py", line 48
    request.data["user"] = request.user.id
    ^^^^^^^
IndentationError: expected an indented block after function definition on line 47

During handling of the above exception, another exception occurred:

Traceback (most recent call last):
  File "/usr/local/lib/python3.10/dist-packages/django/core/handlers/exception.py", line 55, in inner
    response = get_response(request)
  File "/usr/local/lib/python3.10/dist-packages/django/utils/deprecation.py", line 134, in __call__
    response = response or self.get_response(request)
  File "/usr/local/lib/python3.10/dist-packages/django/core/handlers/exception.py", line 57, in inner
    response = response_for_exception(request, exc)
  File "/usr/local/lib/python3.10/dist-packages/django/core/handlers/exception.py", line 140, in response_for_exception
    response = handle_uncaught_exception(
  File "/usr/local/lib/python3.10/dist-packages/django/core/handlers/exception.py", line 181, in handle_uncaught_exception
    return debug.technical_500_response(request, *exc_info)
  File "/usr/local/lib/python3.10/dist-packages/django/views/debug.py", line 67, in technical_500_response
    html = reporter.get_traceback_html()
  File "/usr/local/lib/python3.10/dist-packages/django/views/debug.py", line 410, in get_traceback_html
    c = Context(self.get_traceback_data(), use_l10n=False)
  File "/usr/local/lib/python3.10/dist-packages/django/views/debug.py", line 393, in get_traceback_data
    c["raising_view_name"] = get_caller(self.request)
  File "/usr/local/lib/python3.10/dist-packages/django/views/debug.py", line 100, in get_caller
    resolver_match = resolve(request.path)
  File "/usr/local/lib/python3.10/dist-packages/django/urls/base.py", line 24, in resolve
    return get_resolver(urlconf).resolve(path)
  File "/usr/local/lib/python3.10/dist-packages/django/urls/resolvers.py", line 663, in resolve
    for pattern in self.url_patterns:
  File "/usr/local/lib/python3.10/dist-packages/django/utils/functional.py", line 57, in __get__
    res = instance.__dict__[self.name] = self.func(instance)
  File "/usr/local/lib/python3.10/dist-packages/django/urls/resolvers.py", line 715, in url_patterns
    patterns = getattr(self.urlconf_module, "urlpatterns", self.urlconf_module)
  File "/usr/local/lib/python3.10/dist-packages/django/utils/functional.py", line 57, in __get__
    res = instance.__dict__[self.name] = self.func(instance)
  File "/usr/local/lib/python3.10/dist-packages/django/urls/resolvers.py", line 708, in urlconf_module
    return import_module(self.urlconf_name)
  File "/usr/lib/python3.10/importlib/__init__.py", line 126, in import_module
    return _bootstrap._gcd_import(name[level:], package, level)
  File "<frozen importlib._bootstrap>", line 1050, in _gcd_import
  File "<frozen importlib._bootstrap>", line 1027, in _find_and_load
  File "<frozen importlib._bootstrap>", line 1006, in _find_and_load_unlocked
  File "<frozen importlib._bootstrap>", line 688, in _load_unlocked
  File "<frozen importlib._bootstrap_external>", line 883, in exec_module
  File "<frozen importlib._bootstrap>", line 241, in _call_with_frames_removed
  File "/home/ubuntu/BEERBUDDY/dkfriend-backend-latest/dkfriend_back/dkfriend_back/urls.py", line 28, in <module>
    path("bookings/", include("booking.urls")),
  File "/usr/local/lib/python3.10/dist-packages/django/urls/conf.py", line 38, in include
    urlconf_module = import_module(urlconf_module)
  File "/usr/lib/python3.10/importlib/__init__.py", line 126, in import_module
    return _bootstrap._gcd_import(name[level:], package, level)
  File "<frozen importlib._bootstrap>", line 1050, in _gcd_import
  File "<frozen importlib._bootstrap>", line 1027, in _find_and_load
  File "<frozen importlib._bootstrap>", line 1006, in _find_and_load_unlocked
  File "<frozen importlib._bootstrap>", line 688, in _load_unlocked
  File "<frozen importlib._bootstrap_external>", line 883, in exec_module
  File "<frozen importlib._bootstrap>", line 241, in _call_with_frames_removed
  File "/home/ubuntu/BEERBUDDY/dkfriend-backend-latest/dkfriend_back/booking/urls.py", line 3, in <module>
    from .views import *
  File "/home/ubuntu/BEERBUDDY/dkfriend-backend-latest/dkfriend_back/booking/views.py", line 48
    request.data["user"] = request.user.id
    ^^^^^^^
IndentationError: expected an indented block after function definition on line 47

During handling of the above exception, another exception occurred:

Traceback (most recent call last):
  File "/usr/local/lib/python3.10/dist-packages/django/core/handlers/exception.py", line 55, in inner
    response = get_response(request)
  File "/usr/local/lib/python3.10/dist-packages/django/utils/deprecation.py", line 134, in __call__
    response = response or self.get_response(request)
  File "/usr/local/lib/python3.10/dist-packages/django/core/handlers/exception.py", line 57, in inner
    response = response_for_exception(request, exc)
  File "/usr/local/lib/python3.10/dist-packages/django/core/handlers/exception.py", line 140, in response_for_exception
    response = handle_uncaught_exception(
  File "/usr/local/lib/python3.10/dist-packages/django/core/handlers/exception.py", line 181, in handle_uncaught_exception
    return debug.technical_500_response(request, *exc_info)
  File "/usr/local/lib/python3.10/dist-packages/django/views/debug.py", line 67, in technical_500_response
    html = reporter.get_traceback_html()
  File "/usr/local/lib/python3.10/dist-packages/django/views/debug.py", line 410, in get_traceback_html
    c = Context(self.get_traceback_data(), use_l10n=False)
  File "/usr/local/lib/python3.10/dist-packages/django/views/debug.py", line 393, in get_traceback_data
    c["raising_view_name"] = get_caller(self.request)
  File "/usr/local/lib/python3.10/dist-packages/django/views/debug.py", line 100, in get_caller
    resolver_match = resolve(request.path)
  File "/usr/local/lib/python3.10/dist-packages/django/urls/base.py", line 24, in resolve
    return get_resolver(urlconf).resolve(path)
  File "/usr/local/lib/python3.10/dist-packages/django/urls/resolvers.py", line 663, in resolve
    for pattern in self.url_patterns:
  File "/usr/local/lib/python3.10/dist-packages/django/utils/functional.py", line 57, in __get__
    res = instance.__dict__[self.name] = self.func(instance)
  File "/usr/local/lib/python3.10/dist-packages/django/urls/resolvers.py", line 715, in url_patterns
    patterns = getattr(self.urlconf_module, "urlpatterns", self.urlconf_module)
  File "/usr/local/lib/python3.10/dist-packages/django/utils/functional.py", line 57, in __get__
    res = instance.__dict__[self.name] = self.func(instance)
  File "/usr/local/lib/python3.10/dist-packages/django/urls/resolvers.py", line 708, in urlconf_module
    return import_module(self.urlconf_name)
  File "/usr/lib/python3.10/importlib/__init__.py", line 126, in import_module
    return _bootstrap._gcd_import(name[level:], package, level)
  File "<frozen importlib._bootstrap>", line 1050, in _gcd_import
  File "<frozen importlib._bootstrap>", line 1027, in _find_and_load
  File "<frozen importlib._bootstrap>", line 1006, in _find_and_load_unlocked
  File "<frozen importlib._bootstrap>", line 688, in _load_unlocked
  File "<frozen importlib._bootstrap_external>", line 883, in exec_module
  File "<frozen importlib._bootstrap>", line 241, in _call_with_frames_removed
  File "/home/ubuntu/BEERBUDDY/dkfriend-backend-latest/dkfriend_back/dkfriend_back/urls.py", line 28, in <module>
    path("bookings/", include("booking.urls")),
  File "/usr/local/lib/python3.10/dist-packages/django/urls/conf.py", line 38, in include
    urlconf_module = import_module(urlconf_module)
  File "/usr/lib/python3.10/importlib/__init__.py", line 126, in import_module
    return _bootstrap._gcd_import(name[level:], package, level)
  File "<frozen importlib._bootstrap>", line 1050, in _gcd_import
  File "<frozen importlib._bootstrap>", line 1027, in _find_and_load
  File "<frozen importlib._bootstrap>", line 1006, in _find_and_load_unlocked
  File "<frozen importlib._bootstrap>", line 688, in _load_unlocked
  File "<frozen importlib._bootstrap_external>", line 883, in exec_module
  File "<frozen importlib._bootstrap>", line 241, in _call_with_frames_removed
  File "/home/ubuntu/BEERBUDDY/dkfriend-backend-latest/dkfriend_back/booking/urls.py", line 3, in <module>
    from .views import *
  File "/home/ubuntu/BEERBUDDY/dkfriend-backend-latest/dkfriend_back/booking/views.py", line 48
    request.data["user"] = request.user.id
    ^^^^^^^
IndentationError: expected an indented block after function definition on line 47

During handling of the above exception, another exception occurred:

Traceback (most recent call last):
  File "/usr/local/lib/python3.10/dist-packages/django/core/handlers/exception.py", line 55, in inner
    response = get_response(request)
  File "/usr/local/lib/python3.10/dist-packages/corsheaders/middleware.py", line 56, in __call__
    result = self.get_response(request)
  File "/usr/local/lib/python3.10/dist-packages/django/core/handlers/exception.py", line 57, in inner
    response = response_for_exception(request, exc)
  File "/usr/local/lib/python3.10/dist-packages/django/core/handlers/exception.py", line 140, in response_for_exception
    response = handle_uncaught_exception(
  File "/usr/local/lib/python3.10/dist-packages/django/core/handlers/exception.py", line 181, in handle_uncaught_exception
    return debug.technical_500_response(request, *exc_info)
  File "/usr/local/lib/python3.10/dist-packages/django/views/debug.py", line 67, in technical_500_response
    html = reporter.get_traceback_html()
  File "/usr/local/lib/python3.10/dist-packages/django/views/debug.py", line 410, in get_traceback_html
    c = Context(self.get_traceback_data(), use_l10n=False)
  File "/usr/local/lib/python3.10/dist-packages/django/views/debug.py", line 393, in get_traceback_data
    c["raising_view_name"] = get_caller(self.request)
  File "/usr/local/lib/python3.10/dist-packages/django/views/debug.py", line 100, in get_caller
    resolver_match = resolve(request.path)
  File "/usr/local/lib/python3.10/dist-packages/django/urls/base.py", line 24, in resolve
    return get_resolver(urlconf).resolve(path)
  File "/usr/local/lib/python3.10/dist-packages/django/urls/resolvers.py", line 663, in resolve
    for pattern in self.url_patterns:
  File "/usr/local/lib/python3.10/dist-packages/django/utils/functional.py", line 57, in __get__
    res = instance.__dict__[self.name] = self.func(instance)
  File "/usr/local/lib/python3.10/dist-packages/django/urls/resolvers.py", line 715, in url_patterns
    patterns = getattr(self.urlconf_module, "urlpatterns", self.urlconf_module)
  File "/usr/local/lib/python3.10/dist-packages/django/utils/functional.py", line 57, in __get__
    res = instance.__dict__[self.name] = self.func(instance)
  File "/usr/local/lib/python3.10/dist-packages/django/urls/resolvers.py", line 708, in urlconf_module
    return import_module(self.urlconf_name)
  File "/usr/lib/python3.10/importlib/__init__.py", line 126, in import_module
    return _bootstrap._gcd_import(name[level:], package, level)
  File "<frozen importlib._bootstrap>", line 1050, in _gcd_import
  File "<frozen importlib._bootstrap>", line 1027, in _find_and_load
  File "<frozen importlib._bootstrap>", line 1006, in _find_and_load_unlocked
  File "<frozen importlib._bootstrap>", line 688, in _load_unlocked
  File "<frozen importlib._bootstrap_external>", line 883, in exec_module
  File "<frozen importlib._bootstrap>", line 241, in _call_with_frames_removed
  File "/home/ubuntu/BEERBUDDY/dkfriend-backend-latest/dkfriend_back/dkfriend_back/urls.py", line 28, in <module>
    path("bookings/", include("booking.urls")),
  File "/usr/local/lib/python3.10/dist-packages/django/urls/conf.py", line 38, in include
    urlconf_module = import_module(urlconf_module)
  File "/usr/lib/python3.10/importlib/__init__.py", line 126, in import_module
    return _bootstrap._gcd_import(name[level:], package, level)
  File "<frozen importlib._bootstrap>", line 1050, in _gcd_import
  File "<frozen importlib._bootstrap>", line 1027, in _find_and_load
  File "<frozen importlib._bootstrap>", line 1006, in _find_and_load_unlocked
  File "<frozen importlib._bootstrap>", line 688, in _load_unlocked
  File "<frozen importlib._bootstrap_external>", line 883, in exec_module
  File "<frozen importlib._bootstrap>", line 241, in _call_with_frames_removed
  File "/home/ubuntu/BEERBUDDY/dkfriend-backend-latest/dkfriend_back/booking/urls.py", line 3, in <module>
    from .views import *
  File "/home/ubuntu/BEERBUDDY/dkfriend-backend-latest/dkfriend_back/booking/views.py", line 48
    request.data["user"] = request.user.id
    ^^^^^^^
IndentationError: expected an indented block after function definition on line 47

During handling of the above exception, another exception occurred:

Traceback (most recent call last):
  File "/usr/local/lib/python3.10/dist-packages/gunicorn/workers/sync.py", line 135, in handle
    self.handle_request(listener, req, client, addr)
  File "/usr/local/lib/python3.10/dist-packages/gunicorn/workers/sync.py", line 178, in handle_request
    respiter = self.wsgi(environ, resp.start_response)
  File "/usr/local/lib/python3.10/dist-packages/django/core/handlers/wsgi.py", line 124, in __call__
    response = self.get_response(request)
  File "/usr/local/lib/python3.10/dist-packages/django/core/handlers/base.py", line 140, in get_response
    response = self._middleware_chain(request)
  File "/usr/local/lib/python3.10/dist-packages/django/core/handlers/exception.py", line 57, in inner
    response = response_for_exception(request, exc)
  File "/usr/local/lib/python3.10/dist-packages/django/core/handlers/exception.py", line 140, in response_for_exception
    response = handle_uncaught_exception(
  File "/usr/local/lib/python3.10/dist-packages/django/core/handlers/exception.py", line 181, in handle_uncaught_exception
    return debug.technical_500_response(request, *exc_info)
  File "/usr/local/lib/python3.10/dist-packages/django/views/debug.py", line 67, in technical_500_response
    html = reporter.get_traceback_html()
  File "/usr/local/lib/python3.10/dist-packages/django/views/debug.py", line 410, in get_traceback_html
    c = Context(self.get_traceback_data(), use_l10n=False)
  File "/usr/local/lib/python3.10/dist-packages/django/views/debug.py", line 393, in get_traceback_data
    c["raising_view_name"] = get_caller(self.request)
  File "/usr/local/lib/python3.10/dist-packages/django/views/debug.py", line 100, in get_caller
    resolver_match = resolve(request.path)
  File "/usr/local/lib/python3.10/dist-packages/django/urls/base.py", line 24, in resolve
    return get_resolver(urlconf).resolve(path)
  File "/usr/local/lib/python3.10/dist-packages/django/urls/resolvers.py", line 663, in resolve
    for pattern in self.url_patterns:
  File "/usr/local/lib/python3.10/dist-packages/django/utils/functional.py", line 57, in __get__
    res = instance.__dict__[self.name] = self.func(instance)
  File "/usr/local/lib/python3.10/dist-packages/django/urls/resolvers.py", line 715, in url_patterns
    patterns = getattr(self.urlconf_module, "urlpatterns", self.urlconf_module)
  File "/usr/local/lib/python3.10/dist-packages/django/utils/functional.py", line 57, in __get__
    res = instance.__dict__[self.name] = self.func(instance)
  File "/usr/local/lib/python3.10/dist-packages/django/urls/resolvers.py", line 708, in urlconf_module
    return import_module(self.urlconf_name)
  File "/usr/lib/python3.10/importlib/__init__.py", line 126, in import_module
    return _bootstrap._gcd_import(name[level:], package, level)
  File "<frozen importlib._bootstrap>", line 1050, in _gcd_import
  File "<frozen importlib._bootstrap>", line 1027, in _find_and_load
  File "<frozen importlib._bootstrap>", line 1006, in _find_and_load_unlocked
  File "<frozen importlib._bootstrap>", line 688, in _load_unlocked
  File "<frozen importlib._bootstrap_external>", line 883, in exec_module
  File "<frozen importlib._bootstrap>", line 241, in _call_with_frames_removed
  File "/home/ubuntu/BEERBUDDY/dkfriend-backend-latest/dkfriend_back/dkfriend_back/urls.py", line 28, in <module>
    path("bookings/", include("booking.urls")),
  File "/usr/local/lib/python3.10/dist-packages/django/urls/conf.py", line 38, in include
    urlconf_module = import_module(urlconf_module)
  File "/usr/lib/python3.10/importlib/__init__.py", line 126, in import_module
    return _bootstrap._gcd_import(name[level:], package, level)
  File "<frozen importlib._bootstrap>", line 1050, in _gcd_import
  File "<frozen importlib._bootstrap>", line 1027, in _find_and_load
  File "<frozen importlib._bootstrap>", line 1006, in _find_and_load_unlocked
  File "<frozen importlib._bootstrap>", line 688, in _load_unlocked
  File "<frozen importlib._bootstrap_external>", line 883, in exec_module
  File "<frozen importlib._bootstrap>", line 241, in _call_with_frames_removed
  File "/home/ubuntu/BEERBUDDY/dkfriend-backend-latest/dkfriend_back/booking/urls.py", line 3, in <module>
    from .views import *
  File "/home/ubuntu/BEERBUDDY/dkfriend-backend-latest/dkfriend_back/booking/views.py", line 48
    request.data["user"] = request.user.id
    ^^^^^^^
IndentationError: expected an indented block after function definition on line 47
[2024-07-20 18:21:49 +0900] [56870] [ERROR] Error handling request /
Traceback (most recent call last):
  File "/usr/local/lib/python3.10/dist-packages/django/core/handlers/exception.py", line 55, in inner
    response = get_response(request)
  File "/usr/local/lib/python3.10/dist-packages/django/core/handlers/base.py", line 181, in _get_response
    callback, callback_args, callback_kwargs = self.resolve_request(request)
  File "/usr/local/lib/python3.10/dist-packages/django/core/handlers/base.py", line 313, in resolve_request
    resolver_match = resolver.resolve(request.path_info)
  File "/usr/local/lib/python3.10/dist-packages/django/urls/resolvers.py", line 663, in resolve
    for pattern in self.url_patterns:
  File "/usr/local/lib/python3.10/dist-packages/django/utils/functional.py", line 57, in __get__
    res = instance.__dict__[self.name] = self.func(instance)
  File "/usr/local/lib/python3.10/dist-packages/django/urls/resolvers.py", line 715, in url_patterns
    patterns = getattr(self.urlconf_module, "urlpatterns", self.urlconf_module)
  File "/usr/local/lib/python3.10/dist-packages/django/utils/functional.py", line 57, in __get__
    res = instance.__dict__[self.name] = self.func(instance)
  File "/usr/local/lib/python3.10/dist-packages/django/urls/resolvers.py", line 708, in urlconf_module
    return import_module(self.urlconf_name)
  File "/usr/lib/python3.10/importlib/__init__.py", line 126, in import_module
    return _bootstrap._gcd_import(name[level:], package, level)
  File "<frozen importlib._bootstrap>", line 1050, in _gcd_import
  File "<frozen importlib._bootstrap>", line 1027, in _find_and_load
  File "<frozen importlib._bootstrap>", line 1006, in _find_and_load_unlocked
  File "<frozen importlib._bootstrap>", line 688, in _load_unlocked
  File "<frozen importlib._bootstrap_external>", line 883, in exec_module
  File "<frozen importlib._bootstrap>", line 241, in _call_with_frames_removed
  File "/home/ubuntu/BEERBUDDY/dkfriend-backend-latest/dkfriend_back/dkfriend_back/urls.py", line 28, in <module>
    path("bookings/", include("booking.urls")),
  File "/usr/local/lib/python3.10/dist-packages/django/urls/conf.py", line 38, in include
    urlconf_module = import_module(urlconf_module)
  File "/usr/lib/python3.10/importlib/__init__.py", line 126, in import_module
    return _bootstrap._gcd_import(name[level:], package, level)
  File "<frozen importlib._bootstrap>", line 1050, in _gcd_import
  File "<frozen importlib._bootstrap>", line 1027, in _find_and_load
  File "<frozen importlib._bootstrap>", line 1006, in _find_and_load_unlocked
  File "<frozen importlib._bootstrap>", line 688, in _load_unlocked
  File "<frozen importlib._bootstrap_external>", line 883, in exec_module
  File "<frozen importlib._bootstrap>", line 241, in _call_with_frames_removed
  File "/home/ubuntu/BEERBUDDY/dkfriend-backend-latest/dkfriend_back/booking/urls.py", line 3, in <module>
    from .views import *
  File "/home/ubuntu/BEERBUDDY/dkfriend-backend-latest/dkfriend_back/booking/views.py", line 48
    request.data["user"] = request.user.id
    ^^^^^^^
IndentationError: expected an indented block after function definition on line 47

During handling of the above exception, another exception occurred:

Traceback (most recent call last):
  File "/usr/local/lib/python3.10/dist-packages/django/core/handlers/exception.py", line 55, in inner
    response = get_response(request)
  File "/usr/local/lib/python3.10/dist-packages/django/utils/deprecation.py", line 134, in __call__
    response = response or self.get_response(request)
  File "/usr/local/lib/python3.10/dist-packages/django/core/handlers/exception.py", line 57, in inner
    response = response_for_exception(request, exc)
  File "/usr/local/lib/python3.10/dist-packages/django/core/handlers/exception.py", line 140, in response_for_exception
    response = handle_uncaught_exception(
  File "/usr/local/lib/python3.10/dist-packages/django/core/handlers/exception.py", line 181, in handle_uncaught_exception
    return debug.technical_500_response(request, *exc_info)
  File "/usr/local/lib/python3.10/dist-packages/django/views/debug.py", line 67, in technical_500_response
    html = reporter.get_traceback_html()
  File "/usr/local/lib/python3.10/dist-packages/django/views/debug.py", line 410, in get_traceback_html
    c = Context(self.get_traceback_data(), use_l10n=False)
  File "/usr/local/lib/python3.10/dist-packages/django/views/debug.py", line 393, in get_traceback_data
    c["raising_view_name"] = get_caller(self.request)
  File "/usr/local/lib/python3.10/dist-packages/django/views/debug.py", line 100, in get_caller
    resolver_match = resolve(request.path)
  File "/usr/local/lib/python3.10/dist-packages/django/urls/base.py", line 24, in resolve
    return get_resolver(urlconf).resolve(path)
  File "/usr/local/lib/python3.10/dist-packages/django/urls/resolvers.py", line 663, in resolve
    for pattern in self.url_patterns:
  File "/usr/local/lib/python3.10/dist-packages/django/utils/functional.py", line 57, in __get__
    res = instance.__dict__[self.name] = self.func(instance)
  File "/usr/local/lib/python3.10/dist-packages/django/urls/resolvers.py", line 715, in url_patterns
    patterns = getattr(self.urlconf_module, "urlpatterns", self.urlconf_module)
  File "/usr/local/lib/python3.10/dist-packages/django/utils/functional.py", line 57, in __get__
    res = instance.__dict__[self.name] = self.func(instance)
  File "/usr/local/lib/python3.10/dist-packages/django/urls/resolvers.py", line 708, in urlconf_module
    return import_module(self.urlconf_name)
  File "/usr/lib/python3.10/importlib/__init__.py", line 126, in import_module
    return _bootstrap._gcd_import(name[level:], package, level)
  File "<frozen importlib._bootstrap>", line 1050, in _gcd_import
  File "<frozen importlib._bootstrap>", line 1027, in _find_and_load
  File "<frozen importlib._bootstrap>", line 1006, in _find_and_load_unlocked
  File "<frozen importlib._bootstrap>", line 688, in _load_unlocked
  File "<frozen importlib._bootstrap_external>", line 883, in exec_module
  File "<frozen importlib._bootstrap>", line 241, in _call_with_frames_removed
  File "/home/ubuntu/BEERBUDDY/dkfriend-backend-latest/dkfriend_back/dkfriend_back/urls.py", line 28, in <module>
    path("bookings/", include("booking.urls")),
  File "/usr/local/lib/python3.10/dist-packages/django/urls/conf.py", line 38, in include
    urlconf_module = import_module(urlconf_module)
  File "/usr/lib/python3.10/importlib/__init__.py", line 126, in import_module
    return _bootstrap._gcd_import(name[level:], package, level)
  File "<frozen importlib._bootstrap>", line 1050, in _gcd_import
  File "<frozen importlib._bootstrap>", line 1027, in _find_and_load
  File "<frozen importlib._bootstrap>", line 1006, in _find_and_load_unlocked
  File "<frozen importlib._bootstrap>", line 688, in _load_unlocked
  File "<frozen importlib._bootstrap_external>", line 883, in exec_module
  File "<frozen importlib._bootstrap>", line 241, in _call_with_frames_removed
  File "/home/ubuntu/BEERBUDDY/dkfriend-backend-latest/dkfriend_back/booking/urls.py", line 3, in <module>
    from .views import *
  File "/home/ubuntu/BEERBUDDY/dkfriend-backend-latest/dkfriend_back/booking/views.py", line 48
    request.data["user"] = request.user.id
    ^^^^^^^
IndentationError: expected an indented block after function definition on line 47

During handling of the above exception, another exception occurred:

Traceback (most recent call last):
  File "/usr/local/lib/python3.10/dist-packages/django/core/handlers/exception.py", line 55, in inner
    response = get_response(request)
  File "/usr/local/lib/python3.10/dist-packages/django/utils/deprecation.py", line 134, in __call__
    response = response or self.get_response(request)
  File "/usr/local/lib/python3.10/dist-packages/django/core/handlers/exception.py", line 57, in inner
    response = response_for_exception(request, exc)
  File "/usr/local/lib/python3.10/dist-packages/django/core/handlers/exception.py", line 140, in response_for_exception
    response = handle_uncaught_exception(
  File "/usr/local/lib/python3.10/dist-packages/django/core/handlers/exception.py", line 181, in handle_uncaught_exception
    return debug.technical_500_response(request, *exc_info)
  File "/usr/local/lib/python3.10/dist-packages/django/views/debug.py", line 67, in technical_500_response
    html = reporter.get_traceback_html()
  File "/usr/local/lib/python3.10/dist-packages/django/views/debug.py", line 410, in get_traceback_html
    c = Context(self.get_traceback_data(), use_l10n=False)
  File "/usr/local/lib/python3.10/dist-packages/django/views/debug.py", line 393, in get_traceback_data
    c["raising_view_name"] = get_caller(self.request)
  File "/usr/local/lib/python3.10/dist-packages/django/views/debug.py", line 100, in get_caller
    resolver_match = resolve(request.path)
  File "/usr/local/lib/python3.10/dist-packages/django/urls/base.py", line 24, in resolve
    return get_resolver(urlconf).resolve(path)
  File "/usr/local/lib/python3.10/dist-packages/django/urls/resolvers.py", line 663, in resolve
    for pattern in self.url_patterns:
  File "/usr/local/lib/python3.10/dist-packages/django/utils/functional.py", line 57, in __get__
    res = instance.__dict__[self.name] = self.func(instance)
  File "/usr/local/lib/python3.10/dist-packages/django/urls/resolvers.py", line 715, in url_patterns
    patterns = getattr(self.urlconf_module, "urlpatterns", self.urlconf_module)
  File "/usr/local/lib/python3.10/dist-packages/django/utils/functional.py", line 57, in __get__
    res = instance.__dict__[self.name] = self.func(instance)
  File "/usr/local/lib/python3.10/dist-packages/django/urls/resolvers.py", line 708, in urlconf_module
    return import_module(self.urlconf_name)
  File "/usr/lib/python3.10/importlib/__init__.py", line 126, in import_module
    return _bootstrap._gcd_import(name[level:], package, level)
  File "<frozen importlib._bootstrap>", line 1050, in _gcd_import
  File "<frozen importlib._bootstrap>", line 1027, in _find_and_load
  File "<frozen importlib._bootstrap>", line 1006, in _find_and_load_unlocked
  File "<frozen importlib._bootstrap>", line 688, in _load_unlocked
  File "<frozen importlib._bootstrap_external>", line 883, in exec_module
  File "<frozen importlib._bootstrap>", line 241, in _call_with_frames_removed
  File "/home/ubuntu/BEERBUDDY/dkfriend-backend-latest/dkfriend_back/dkfriend_back/urls.py", line 28, in <module>
    path("bookings/", include("booking.urls")),
  File "/usr/local/lib/python3.10/dist-packages/django/urls/conf.py", line 38, in include
    urlconf_module = import_module(urlconf_module)
  File "/usr/lib/python3.10/importlib/__init__.py", line 126, in import_module
    return _bootstrap._gcd_import(name[level:], package, level)
  File "<frozen importlib._bootstrap>", line 1050, in _gcd_import
  File "<frozen importlib._bootstrap>", line 1027, in _find_and_load
  File "<frozen importlib._bootstrap>", line 1006, in _find_and_load_unlocked
  File "<frozen importlib._bootstrap>", line 688, in _load_unlocked
  File "<frozen importlib._bootstrap_external>", line 883, in exec_module
  File "<frozen importlib._bootstrap>", line 241, in _call_with_frames_removed
  File "/home/ubuntu/BEERBUDDY/dkfriend-backend-latest/dkfriend_back/booking/urls.py", line 3, in <module>
    from .views import *
  File "/home/ubuntu/BEERBUDDY/dkfriend-backend-latest/dkfriend_back/booking/views.py", line 48
    request.data["user"] = request.user.id
    ^^^^^^^
IndentationError: expected an indented block after function definition on line 47

During handling of the above exception, another exception occurred:

Traceback (most recent call last):
  File "/usr/local/lib/python3.10/dist-packages/django/core/handlers/exception.py", line 55, in inner
    response = get_response(request)
  File "/usr/local/lib/python3.10/dist-packages/django/utils/deprecation.py", line 134, in __call__
    response = response or self.get_response(request)
  File "/usr/local/lib/python3.10/dist-packages/django/core/handlers/exception.py", line 57, in inner
    response = response_for_exception(request, exc)
  File "/usr/local/lib/python3.10/dist-packages/django/core/handlers/exception.py", line 140, in response_for_exception
    response = handle_uncaught_exception(
  File "/usr/local/lib/python3.10/dist-packages/django/core/handlers/exception.py", line 181, in handle_uncaught_exception
    return debug.technical_500_response(request, *exc_info)
  File "/usr/local/lib/python3.10/dist-packages/django/views/debug.py", line 67, in technical_500_response
    html = reporter.get_traceback_html()
  File "/usr/local/lib/python3.10/dist-packages/django/views/debug.py", line 410, in get_traceback_html
    c = Context(self.get_traceback_data(), use_l10n=False)
  File "/usr/local/lib/python3.10/dist-packages/django/views/debug.py", line 393, in get_traceback_data
    c["raising_view_name"] = get_caller(self.request)
  File "/usr/local/lib/python3.10/dist-packages/django/views/debug.py", line 100, in get_caller
    resolver_match = resolve(request.path)
  File "/usr/local/lib/python3.10/dist-packages/django/urls/base.py", line 24, in resolve
    return get_resolver(urlconf).resolve(path)
  File "/usr/local/lib/python3.10/dist-packages/django/urls/resolvers.py", line 663, in resolve
    for pattern in self.url_patterns:
  File "/usr/local/lib/python3.10/dist-packages/django/utils/functional.py", line 57, in __get__
    res = instance.__dict__[self.name] = self.func(instance)
  File "/usr/local/lib/python3.10/dist-packages/django/urls/resolvers.py", line 715, in url_patterns
    patterns = getattr(self.urlconf_module, "urlpatterns", self.urlconf_module)
  File "/usr/local/lib/python3.10/dist-packages/django/utils/functional.py", line 57, in __get__
    res = instance.__dict__[self.name] = self.func(instance)
  File "/usr/local/lib/python3.10/dist-packages/django/urls/resolvers.py", line 708, in urlconf_module
    return import_module(self.urlconf_name)
  File "/usr/lib/python3.10/importlib/__init__.py", line 126, in import_module
    return _bootstrap._gcd_import(name[level:], package, level)
  File "<frozen importlib._bootstrap>", line 1050, in _gcd_import
  File "<frozen importlib._bootstrap>", line 1027, in _find_and_load
  File "<frozen importlib._bootstrap>", line 1006, in _find_and_load_unlocked
  File "<frozen importlib._bootstrap>", line 688, in _load_unlocked
  File "<frozen importlib._bootstrap_external>", line 883, in exec_module
  File "<frozen importlib._bootstrap>", line 241, in _call_with_frames_removed
  File "/home/ubuntu/BEERBUDDY/dkfriend-backend-latest/dkfriend_back/dkfriend_back/urls.py", line 28, in <module>
    path("bookings/", include("booking.urls")),
  File "/usr/local/lib/python3.10/dist-packages/django/urls/conf.py", line 38, in include
    urlconf_module = import_module(urlconf_module)
  File "/usr/lib/python3.10/importlib/__init__.py", line 126, in import_module
    return _bootstrap._gcd_import(name[level:], package, level)
  File "<frozen importlib._bootstrap>", line 1050, in _gcd_import
  File "<frozen importlib._bootstrap>", line 1027, in _find_and_load
  File "<frozen importlib._bootstrap>", line 1006, in _find_and_load_unlocked
  File "<frozen importlib._bootstrap>", line 688, in _load_unlocked
  File "<frozen importlib._bootstrap_external>", line 883, in exec_module
  File "<frozen importlib._bootstrap>", line 241, in _call_with_frames_removed
  File "/home/ubuntu/BEERBUDDY/dkfriend-backend-latest/dkfriend_back/booking/urls.py", line 3, in <module>
    from .views import *
  File "/home/ubuntu/BEERBUDDY/dkfriend-backend-latest/dkfriend_back/booking/views.py", line 48
    request.data["user"] = request.user.id
    ^^^^^^^
IndentationError: expected an indented block after function definition on line 47

During handling of the above exception, another exception occurred:

Traceback (most recent call last):
  File "/usr/local/lib/python3.10/dist-packages/django/core/handlers/exception.py", line 55, in inner
    response = get_response(request)
  File "/usr/local/lib/python3.10/dist-packages/django/utils/deprecation.py", line 134, in __call__
    response = response or self.get_response(request)
  File "/usr/local/lib/python3.10/dist-packages/django/core/handlers/exception.py", line 57, in inner
    response = response_for_exception(request, exc)
  File "/usr/local/lib/python3.10/dist-packages/django/core/handlers/exception.py", line 140, in response_for_exception
    response = handle_uncaught_exception(
  File "/usr/local/lib/python3.10/dist-packages/django/core/handlers/exception.py", line 181, in handle_uncaught_exception
    return debug.technical_500_response(request, *exc_info)
  File "/usr/local/lib/python3.10/dist-packages/django/views/debug.py", line 67, in technical_500_response
    html = reporter.get_traceback_html()
  File "/usr/local/lib/python3.10/dist-packages/django/views/debug.py", line 410, in get_traceback_html
    c = Context(self.get_traceback_data(), use_l10n=False)
  File "/usr/local/lib/python3.10/dist-packages/django/views/debug.py", line 393, in get_traceback_data
    c["raising_view_name"] = get_caller(self.request)
  File "/usr/local/lib/python3.10/dist-packages/django/views/debug.py", line 100, in get_caller
    resolver_match = resolve(request.path)
  File "/usr/local/lib/python3.10/dist-packages/django/urls/base.py", line 24, in resolve
    return get_resolver(urlconf).resolve(path)
  File "/usr/local/lib/python3.10/dist-packages/django/urls/resolvers.py", line 663, in resolve
    for pattern in self.url_patterns:
  File "/usr/local/lib/python3.10/dist-packages/django/utils/functional.py", line 57, in __get__
    res = instance.__dict__[self.name] = self.func(instance)
  File "/usr/local/lib/python3.10/dist-packages/django/urls/resolvers.py", line 715, in url_patterns
    patterns = getattr(self.urlconf_module, "urlpatterns", self.urlconf_module)
  File "/usr/local/lib/python3.10/dist-packages/django/utils/functional.py", line 57, in __get__
    res = instance.__dict__[self.name] = self.func(instance)
  File "/usr/local/lib/python3.10/dist-packages/django/urls/resolvers.py", line 708, in urlconf_module
    return import_module(self.urlconf_name)
  File "/usr/lib/python3.10/importlib/__init__.py", line 126, in import_module
    return _bootstrap._gcd_import(name[level:], package, level)
  File "<frozen importlib._bootstrap>", line 1050, in _gcd_import
  File "<frozen importlib._bootstrap>", line 1027, in _find_and_load
  File "<frozen importlib._bootstrap>", line 1006, in _find_and_load_unlocked
  File "<frozen importlib._bootstrap>", line 688, in _load_unlocked
  File "<frozen importlib._bootstrap_external>", line 883, in exec_module
  File "<frozen importlib._bootstrap>", line 241, in _call_with_frames_removed
  File "/home/ubuntu/BEERBUDDY/dkfriend-backend-latest/dkfriend_back/dkfriend_back/urls.py", line 28, in <module>
    path("bookings/", include("booking.urls")),
  File "/usr/local/lib/python3.10/dist-packages/django/urls/conf.py", line 38, in include
    urlconf_module = import_module(urlconf_module)
  File "/usr/lib/python3.10/importlib/__init__.py", line 126, in import_module
    return _bootstrap._gcd_import(name[level:], package, level)
  File "<frozen importlib._bootstrap>", line 1050, in _gcd_import
  File "<frozen importlib._bootstrap>", line 1027, in _find_and_load
  File "<frozen importlib._bootstrap>", line 1006, in _find_and_load_unlocked
  File "<frozen importlib._bootstrap>", line 688, in _load_unlocked
  File "<frozen importlib._bootstrap_external>", line 883, in exec_module
  File "<frozen importlib._bootstrap>", line 241, in _call_with_frames_removed
  File "/home/ubuntu/BEERBUDDY/dkfriend-backend-latest/dkfriend_back/booking/urls.py", line 3, in <module>
    from .views import *
  File "/home/ubuntu/BEERBUDDY/dkfriend-backend-latest/dkfriend_back/booking/views.py", line 48
    request.data["user"] = request.user.id
    ^^^^^^^
IndentationError: expected an indented block after function definition on line 47

During handling of the above exception, another exception occurred:

Traceback (most recent call last):
  File "/usr/local/lib/python3.10/dist-packages/django/core/handlers/exception.py", line 55, in inner
    response = get_response(request)
  File "/usr/local/lib/python3.10/dist-packages/django/utils/deprecation.py", line 134, in __call__
    response = response or self.get_response(request)
  File "/usr/local/lib/python3.10/dist-packages/django/core/handlers/exception.py", line 57, in inner
    response = response_for_exception(request, exc)
  File "/usr/local/lib/python3.10/dist-packages/django/core/handlers/exception.py", line 140, in response_for_exception
    response = handle_uncaught_exception(
  File "/usr/local/lib/python3.10/dist-packages/django/core/handlers/exception.py", line 181, in handle_uncaught_exception
    return debug.technical_500_response(request, *exc_info)
  File "/usr/local/lib/python3.10/dist-packages/django/views/debug.py", line 67, in technical_500_response
    html = reporter.get_traceback_html()
  File "/usr/local/lib/python3.10/dist-packages/django/views/debug.py", line 410, in get_traceback_html
    c = Context(self.get_traceback_data(), use_l10n=False)
  File "/usr/local/lib/python3.10/dist-packages/django/views/debug.py", line 393, in get_traceback_data
    c["raising_view_name"] = get_caller(self.request)
  File "/usr/local/lib/python3.10/dist-packages/django/views/debug.py", line 100, in get_caller
    resolver_match = resolve(request.path)
  File "/usr/local/lib/python3.10/dist-packages/django/urls/base.py", line 24, in resolve
    return get_resolver(urlconf).resolve(path)
  File "/usr/local/lib/python3.10/dist-packages/django/urls/resolvers.py", line 663, in resolve
    for pattern in self.url_patterns:
  File "/usr/local/lib/python3.10/dist-packages/django/utils/functional.py", line 57, in __get__
    res = instance.__dict__[self.name] = self.func(instance)
  File "/usr/local/lib/python3.10/dist-packages/django/urls/resolvers.py", line 715, in url_patterns
    patterns = getattr(self.urlconf_module, "urlpatterns", self.urlconf_module)
  File "/usr/local/lib/python3.10/dist-packages/django/utils/functional.py", line 57, in __get__
    res = instance.__dict__[self.name] = self.func(instance)
  File "/usr/local/lib/python3.10/dist-packages/django/urls/resolvers.py", line 708, in urlconf_module
    return import_module(self.urlconf_name)
  File "/usr/lib/python3.10/importlib/__init__.py", line 126, in import_module
    return _bootstrap._gcd_import(name[level:], package, level)
  File "<frozen importlib._bootstrap>", line 1050, in _gcd_import
  File "<frozen importlib._bootstrap>", line 1027, in _find_and_load
  File "<frozen importlib._bootstrap>", line 1006, in _find_and_load_unlocked
  File "<frozen importlib._bootstrap>", line 688, in _load_unlocked
  File "<frozen importlib._bootstrap_external>", line 883, in exec_module
  File "<frozen importlib._bootstrap>", line 241, in _call_with_frames_removed
  File "/home/ubuntu/BEERBUDDY/dkfriend-backend-latest/dkfriend_back/dkfriend_back/urls.py", line 28, in <module>
    path("bookings/", include("booking.urls")),
  File "/usr/local/lib/python3.10/dist-packages/django/urls/conf.py", line 38, in include
    urlconf_module = import_module(urlconf_module)
  File "/usr/lib/python3.10/importlib/__init__.py", line 126, in import_module
    return _bootstrap._gcd_import(name[level:], package, level)
  File "<frozen importlib._bootstrap>", line 1050, in _gcd_import
  File "<frozen importlib._bootstrap>", line 1027, in _find_and_load
  File "<frozen importlib._bootstrap>", line 1006, in _find_and_load_unlocked
  File "<frozen importlib._bootstrap>", line 688, in _load_unlocked
  File "<frozen importlib._bootstrap_external>", line 883, in exec_module
  File "<frozen importlib._bootstrap>", line 241, in _call_with_frames_removed
  File "/home/ubuntu/BEERBUDDY/dkfriend-backend-latest/dkfriend_back/booking/urls.py", line 3, in <module>
    from .views import *
  File "/home/ubuntu/BEERBUDDY/dkfriend-backend-latest/dkfriend_back/booking/views.py", line 48
    request.data["user"] = request.user.id
    ^^^^^^^
IndentationError: expected an indented block after function definition on line 47

During handling of the above exception, another exception occurred:

Traceback (most recent call last):
  File "/usr/local/lib/python3.10/dist-packages/django/core/handlers/exception.py", line 55, in inner
    response = get_response(request)
  File "/usr/local/lib/python3.10/dist-packages/django/utils/deprecation.py", line 134, in __call__
    response = response or self.get_response(request)
  File "/usr/local/lib/python3.10/dist-packages/django/core/handlers/exception.py", line 57, in inner
    response = response_for_exception(request, exc)
  File "/usr/local/lib/python3.10/dist-packages/django/core/handlers/exception.py", line 140, in response_for_exception
    response = handle_uncaught_exception(
  File "/usr/local/lib/python3.10/dist-packages/django/core/handlers/exception.py", line 181, in handle_uncaught_exception
    return debug.technical_500_response(request, *exc_info)
  File "/usr/local/lib/python3.10/dist-packages/django/views/debug.py", line 67, in technical_500_response
    html = reporter.get_traceback_html()
  File "/usr/local/lib/python3.10/dist-packages/django/views/debug.py", line 410, in get_traceback_html
    c = Context(self.get_traceback_data(), use_l10n=False)
  File "/usr/local/lib/python3.10/dist-packages/django/views/debug.py", line 393, in get_traceback_data
    c["raising_view_name"] = get_caller(self.request)
  File "/usr/local/lib/python3.10/dist-packages/django/views/debug.py", line 100, in get_caller
    resolver_match = resolve(request.path)
  File "/usr/local/lib/python3.10/dist-packages/django/urls/base.py", line 24, in resolve
    return get_resolver(urlconf).resolve(path)
  File "/usr/local/lib/python3.10/dist-packages/django/urls/resolvers.py", line 663, in resolve
    for pattern in self.url_patterns:
  File "/usr/local/lib/python3.10/dist-packages/django/utils/functional.py", line 57, in __get__
    res = instance.__dict__[self.name] = self.func(instance)
  File "/usr/local/lib/python3.10/dist-packages/django/urls/resolvers.py", line 715, in url_patterns
    patterns = getattr(self.urlconf_module, "urlpatterns", self.urlconf_module)
  File "/usr/local/lib/python3.10/dist-packages/django/utils/functional.py", line 57, in __get__
    res = instance.__dict__[self.name] = self.func(instance)
  File "/usr/local/lib/python3.10/dist-packages/django/urls/resolvers.py", line 708, in urlconf_module
    return import_module(self.urlconf_name)
  File "/usr/lib/python3.10/importlib/__init__.py", line 126, in import_module
    return _bootstrap._gcd_import(name[level:], package, level)
  File "<frozen importlib._bootstrap>", line 1050, in _gcd_import
  File "<frozen importlib._bootstrap>", line 1027, in _find_and_load
  File "<frozen importlib._bootstrap>", line 1006, in _find_and_load_unlocked
  File "<frozen importlib._bootstrap>", line 688, in _load_unlocked
  File "<frozen importlib._bootstrap_external>", line 883, in exec_module
  File "<frozen importlib._bootstrap>", line 241, in _call_with_frames_removed
  File "/home/ubuntu/BEERBUDDY/dkfriend-backend-latest/dkfriend_back/dkfriend_back/urls.py", line 28, in <module>
    path("bookings/", include("booking.urls")),
  File "/usr/local/lib/python3.10/dist-packages/django/urls/conf.py", line 38, in include
    urlconf_module = import_module(urlconf_module)
  File "/usr/lib/python3.10/importlib/__init__.py", line 126, in import_module
    return _bootstrap._gcd_import(name[level:], package, level)
  File "<frozen importlib._bootstrap>", line 1050, in _gcd_import
  File "<frozen importlib._bootstrap>", line 1027, in _find_and_load
  File "<frozen importlib._bootstrap>", line 1006, in _find_and_load_unlocked
  File "<frozen importlib._bootstrap>", line 688, in _load_unlocked
  File "<frozen importlib._bootstrap_external>", line 883, in exec_module
  File "<frozen importlib._bootstrap>", line 241, in _call_with_frames_removed
  File "/home/ubuntu/BEERBUDDY/dkfriend-backend-latest/dkfriend_back/booking/urls.py", line 3, in <module>
    from .views import *
  File "/home/ubuntu/BEERBUDDY/dkfriend-backend-latest/dkfriend_back/booking/views.py", line 48
    request.data["user"] = request.user.id
    ^^^^^^^
IndentationError: expected an indented block after function definition on line 47

During handling of the above exception, another exception occurred:

Traceback (most recent call last):
  File "/usr/local/lib/python3.10/dist-packages/django/core/handlers/exception.py", line 55, in inner
    response = get_response(request)
  File "/usr/local/lib/python3.10/dist-packages/django/utils/deprecation.py", line 134, in __call__
    response = response or self.get_response(request)
  File "/usr/local/lib/python3.10/dist-packages/django/core/handlers/exception.py", line 57, in inner
    response = response_for_exception(request, exc)
  File "/usr/local/lib/python3.10/dist-packages/django/core/handlers/exception.py", line 140, in response_for_exception
    response = handle_uncaught_exception(
  File "/usr/local/lib/python3.10/dist-packages/django/core/handlers/exception.py", line 181, in handle_uncaught_exception
    return debug.technical_500_response(request, *exc_info)
  File "/usr/local/lib/python3.10/dist-packages/django/views/debug.py", line 67, in technical_500_response
    html = reporter.get_traceback_html()
  File "/usr/local/lib/python3.10/dist-packages/django/views/debug.py", line 410, in get_traceback_html
    c = Context(self.get_traceback_data(), use_l10n=False)
  File "/usr/local/lib/python3.10/dist-packages/django/views/debug.py", line 393, in get_traceback_data
    c["raising_view_name"] = get_caller(self.request)
  File "/usr/local/lib/python3.10/dist-packages/django/views/debug.py", line 100, in get_caller
    resolver_match = resolve(request.path)
  File "/usr/local/lib/python3.10/dist-packages/django/urls/base.py", line 24, in resolve
    return get_resolver(urlconf).resolve(path)
  File "/usr/local/lib/python3.10/dist-packages/django/urls/resolvers.py", line 663, in resolve
    for pattern in self.url_patterns:
  File "/usr/local/lib/python3.10/dist-packages/django/utils/functional.py", line 57, in __get__
    res = instance.__dict__[self.name] = self.func(instance)
  File "/usr/local/lib/python3.10/dist-packages/django/urls/resolvers.py", line 715, in url_patterns
    patterns = getattr(self.urlconf_module, "urlpatterns", self.urlconf_module)
  File "/usr/local/lib/python3.10/dist-packages/django/utils/functional.py", line 57, in __get__
    res = instance.__dict__[self.name] = self.func(instance)
  File "/usr/local/lib/python3.10/dist-packages/django/urls/resolvers.py", line 708, in urlconf_module
    return import_module(self.urlconf_name)
  File "/usr/lib/python3.10/importlib/__init__.py", line 126, in import_module
    return _bootstrap._gcd_import(name[level:], package, level)
  File "<frozen importlib._bootstrap>", line 1050, in _gcd_import
  File "<frozen importlib._bootstrap>", line 1027, in _find_and_load
  File "<frozen importlib._bootstrap>", line 1006, in _find_and_load_unlocked
  File "<frozen importlib._bootstrap>", line 688, in _load_unlocked
  File "<frozen importlib._bootstrap_external>", line 883, in exec_module
  File "<frozen importlib._bootstrap>", line 241, in _call_with_frames_removed
  File "/home/ubuntu/BEERBUDDY/dkfriend-backend-latest/dkfriend_back/dkfriend_back/urls.py", line 28, in <module>
    path("bookings/", include("booking.urls")),
  File "/usr/local/lib/python3.10/dist-packages/django/urls/conf.py", line 38, in include
    urlconf_module = import_module(urlconf_module)
  File "/usr/lib/python3.10/importlib/__init__.py", line 126, in import_module
    return _bootstrap._gcd_import(name[level:], package, level)
  File "<frozen importlib._bootstrap>", line 1050, in _gcd_import
  File "<frozen importlib._bootstrap>", line 1027, in _find_and_load
  File "<frozen importlib._bootstrap>", line 1006, in _find_and_load_unlocked
  File "<frozen importlib._bootstrap>", line 688, in _load_unlocked
  File "<frozen importlib._bootstrap_external>", line 883, in exec_module
  File "<frozen importlib._bootstrap>", line 241, in _call_with_frames_removed
  File "/home/ubuntu/BEERBUDDY/dkfriend-backend-latest/dkfriend_back/booking/urls.py", line 3, in <module>
    from .views import *
  File "/home/ubuntu/BEERBUDDY/dkfriend-backend-latest/dkfriend_back/booking/views.py", line 48
    request.data["user"] = request.user.id
    ^^^^^^^
IndentationError: expected an indented block after function definition on line 47

During handling of the above exception, another exception occurred:

Traceback (most recent call last):
  File "/usr/local/lib/python3.10/dist-packages/django/core/handlers/exception.py", line 55, in inner
    response = get_response(request)
  File "/usr/local/lib/python3.10/dist-packages/corsheaders/middleware.py", line 56, in __call__
    result = self.get_response(request)
  File "/usr/local/lib/python3.10/dist-packages/django/core/handlers/exception.py", line 57, in inner
    response = response_for_exception(request, exc)
  File "/usr/local/lib/python3.10/dist-packages/django/core/handlers/exception.py", line 140, in response_for_exception
    response = handle_uncaught_exception(
  File "/usr/local/lib/python3.10/dist-packages/django/core/handlers/exception.py", line 181, in handle_uncaught_exception
    return debug.technical_500_response(request, *exc_info)
  File "/usr/local/lib/python3.10/dist-packages/django/views/debug.py", line 67, in technical_500_response
    html = reporter.get_traceback_html()
  File "/usr/local/lib/python3.10/dist-packages/django/views/debug.py", line 410, in get_traceback_html
    c = Context(self.get_traceback_data(), use_l10n=False)
  File "/usr/local/lib/python3.10/dist-packages/django/views/debug.py", line 393, in get_traceback_data
    c["raising_view_name"] = get_caller(self.request)
  File "/usr/local/lib/python3.10/dist-packages/django/views/debug.py", line 100, in get_caller
    resolver_match = resolve(request.path)
  File "/usr/local/lib/python3.10/dist-packages/django/urls/base.py", line 24, in resolve
    return get_resolver(urlconf).resolve(path)
  File "/usr/local/lib/python3.10/dist-packages/django/urls/resolvers.py", line 663, in resolve
    for pattern in self.url_patterns:
  File "/usr/local/lib/python3.10/dist-packages/django/utils/functional.py", line 57, in __get__
    res = instance.__dict__[self.name] = self.func(instance)
  File "/usr/local/lib/python3.10/dist-packages/django/urls/resolvers.py", line 715, in url_patterns
    patterns = getattr(self.urlconf_module, "urlpatterns", self.urlconf_module)
  File "/usr/local/lib/python3.10/dist-packages/django/utils/functional.py", line 57, in __get__
    res = instance.__dict__[self.name] = self.func(instance)
  File "/usr/local/lib/python3.10/dist-packages/django/urls/resolvers.py", line 708, in urlconf_module
    return import_module(self.urlconf_name)
  File "/usr/lib/python3.10/importlib/__init__.py", line 126, in import_module
    return _bootstrap._gcd_import(name[level:], package, level)
  File "<frozen importlib._bootstrap>", line 1050, in _gcd_import
  File "<frozen importlib._bootstrap>", line 1027, in _find_and_load
  File "<frozen importlib._bootstrap>", line 1006, in _find_and_load_unlocked
  File "<frozen importlib._bootstrap>", line 688, in _load_unlocked
  File "<frozen importlib._bootstrap_external>", line 883, in exec_module
  File "<frozen importlib._bootstrap>", line 241, in _call_with_frames_removed
  File "/home/ubuntu/BEERBUDDY/dkfriend-backend-latest/dkfriend_back/dkfriend_back/urls.py", line 28, in <module>
    path("bookings/", include("booking.urls")),
  File "/usr/local/lib/python3.10/dist-packages/django/urls/conf.py", line 38, in include
    urlconf_module = import_module(urlconf_module)
  File "/usr/lib/python3.10/importlib/__init__.py", line 126, in import_module
    return _bootstrap._gcd_import(name[level:], package, level)
  File "<frozen importlib._bootstrap>", line 1050, in _gcd_import
  File "<frozen importlib._bootstrap>", line 1027, in _find_and_load
  File "<frozen importlib._bootstrap>", line 1006, in _find_and_load_unlocked
  File "<frozen importlib._bootstrap>", line 688, in _load_unlocked
  File "<frozen importlib._bootstrap_external>", line 883, in exec_module
  File "<frozen importlib._bootstrap>", line 241, in _call_with_frames_removed
  File "/home/ubuntu/BEERBUDDY/dkfriend-backend-latest/dkfriend_back/booking/urls.py", line 3, in <module>
    from .views import *
  File "/home/ubuntu/BEERBUDDY/dkfriend-backend-latest/dkfriend_back/booking/views.py", line 48
    request.data["user"] = request.user.id
    ^^^^^^^
IndentationError: expected an indented block after function definition on line 47

During handling of the above exception, another exception occurred:

Traceback (most recent call last):
  File "/usr/local/lib/python3.10/dist-packages/gunicorn/workers/sync.py", line 135, in handle
    self.handle_request(listener, req, client, addr)
  File "/usr/local/lib/python3.10/dist-packages/gunicorn/workers/sync.py", line 178, in handle_request
    respiter = self.wsgi(environ, resp.start_response)
  File "/usr/local/lib/python3.10/dist-packages/django/core/handlers/wsgi.py", line 124, in __call__
    response = self.get_response(request)
  File "/usr/local/lib/python3.10/dist-packages/django/core/handlers/base.py", line 140, in get_response
    response = self._middleware_chain(request)
  File "/usr/local/lib/python3.10/dist-packages/django/core/handlers/exception.py", line 57, in inner
    response = response_for_exception(request, exc)
  File "/usr/local/lib/python3.10/dist-packages/django/core/handlers/exception.py", line 140, in response_for_exception
    response = handle_uncaught_exception(
  File "/usr/local/lib/python3.10/dist-packages/django/core/handlers/exception.py", line 181, in handle_uncaught_exception
    return debug.technical_500_response(request, *exc_info)
  File "/usr/local/lib/python3.10/dist-packages/django/views/debug.py", line 67, in technical_500_response
    html = reporter.get_traceback_html()
  File "/usr/local/lib/python3.10/dist-packages/django/views/debug.py", line 410, in get_traceback_html
    c = Context(self.get_traceback_data(), use_l10n=False)
  File "/usr/local/lib/python3.10/dist-packages/django/views/debug.py", line 393, in get_traceback_data
    c["raising_view_name"] = get_caller(self.request)
  File "/usr/local/lib/python3.10/dist-packages/django/views/debug.py", line 100, in get_caller
    resolver_match = resolve(request.path)
  File "/usr/local/lib/python3.10/dist-packages/django/urls/base.py", line 24, in resolve
    return get_resolver(urlconf).resolve(path)
  File "/usr/local/lib/python3.10/dist-packages/django/urls/resolvers.py", line 663, in resolve
    for pattern in self.url_patterns:
  File "/usr/local/lib/python3.10/dist-packages/django/utils/functional.py", line 57, in __get__
    res = instance.__dict__[self.name] = self.func(instance)
  File "/usr/local/lib/python3.10/dist-packages/django/urls/resolvers.py", line 715, in url_patterns
    patterns = getattr(self.urlconf_module, "urlpatterns", self.urlconf_module)
  File "/usr/local/lib/python3.10/dist-packages/django/utils/functional.py", line 57, in __get__
    res = instance.__dict__[self.name] = self.func(instance)
  File "/usr/local/lib/python3.10/dist-packages/django/urls/resolvers.py", line 708, in urlconf_module
    return import_module(self.urlconf_name)
  File "/usr/lib/python3.10/importlib/__init__.py", line 126, in import_module
    return _bootstrap._gcd_import(name[level:], package, level)
  File "<frozen importlib._bootstrap>", line 1050, in _gcd_import
  File "<frozen importlib._bootstrap>", line 1027, in _find_and_load
  File "<frozen importlib._bootstrap>", line 1006, in _find_and_load_unlocked
  File "<frozen importlib._bootstrap>", line 688, in _load_unlocked
  File "<frozen importlib._bootstrap_external>", line 883, in exec_module
  File "<frozen importlib._bootstrap>", line 241, in _call_with_frames_removed
  File "/home/ubuntu/BEERBUDDY/dkfriend-backend-latest/dkfriend_back/dkfriend_back/urls.py", line 28, in <module>
    path("bookings/", include("booking.urls")),
  File "/usr/local/lib/python3.10/dist-packages/django/urls/conf.py", line 38, in include
    urlconf_module = import_module(urlconf_module)
  File "/usr/lib/python3.10/importlib/__init__.py", line 126, in import_module
    return _bootstrap._gcd_import(name[level:], package, level)
  File "<frozen importlib._bootstrap>", line 1050, in _gcd_import
  File "<frozen importlib._bootstrap>", line 1027, in _find_and_load
  File "<frozen importlib._bootstrap>", line 1006, in _find_and_load_unlocked
  File "<frozen importlib._bootstrap>", line 688, in _load_unlocked
  File "<frozen importlib._bootstrap_external>", line 883, in exec_module
  File "<frozen importlib._bootstrap>", line 241, in _call_with_frames_removed
  File "/home/ubuntu/BEERBUDDY/dkfriend-backend-latest/dkfriend_back/booking/urls.py", line 3, in <module>
    from .views import *
  File "/home/ubuntu/BEERBUDDY/dkfriend-backend-latest/dkfriend_back/booking/views.py", line 48
    request.data["user"] = request.user.id
    ^^^^^^^
IndentationError: expected an indented block after function definition on line 47
[2024-07-20 18:22:00 +0900] [56869] [ERROR] Error handling request /
Traceback (most recent call last):
  File "/usr/local/lib/python3.10/dist-packages/django/core/handlers/exception.py", line 55, in inner
    response = get_response(request)
  File "/usr/local/lib/python3.10/dist-packages/django/core/handlers/base.py", line 181, in _get_response
    callback, callback_args, callback_kwargs = self.resolve_request(request)
  File "/usr/local/lib/python3.10/dist-packages/django/core/handlers/base.py", line 313, in resolve_request
    resolver_match = resolver.resolve(request.path_info)
  File "/usr/local/lib/python3.10/dist-packages/django/urls/resolvers.py", line 663, in resolve
    for pattern in self.url_patterns:
  File "/usr/local/lib/python3.10/dist-packages/django/utils/functional.py", line 57, in __get__
    res = instance.__dict__[self.name] = self.func(instance)
  File "/usr/local/lib/python3.10/dist-packages/django/urls/resolvers.py", line 715, in url_patterns
    patterns = getattr(self.urlconf_module, "urlpatterns", self.urlconf_module)
  File "/usr/local/lib/python3.10/dist-packages/django/utils/functional.py", line 57, in __get__
    res = instance.__dict__[self.name] = self.func(instance)
  File "/usr/local/lib/python3.10/dist-packages/django/urls/resolvers.py", line 708, in urlconf_module
    return import_module(self.urlconf_name)
  File "/usr/lib/python3.10/importlib/__init__.py", line 126, in import_module
    return _bootstrap._gcd_import(name[level:], package, level)
  File "<frozen importlib._bootstrap>", line 1050, in _gcd_import
  File "<frozen importlib._bootstrap>", line 1027, in _find_and_load
  File "<frozen importlib._bootstrap>", line 1006, in _find_and_load_unlocked
  File "<frozen importlib._bootstrap>", line 688, in _load_unlocked
  File "<frozen importlib._bootstrap_external>", line 883, in exec_module
  File "<frozen importlib._bootstrap>", line 241, in _call_with_frames_removed
  File "/home/ubuntu/BEERBUDDY/dkfriend-backend-latest/dkfriend_back/dkfriend_back/urls.py", line 28, in <module>
    path("bookings/", include("booking.urls")),
  File "/usr/local/lib/python3.10/dist-packages/django/urls/conf.py", line 38, in include
    urlconf_module = import_module(urlconf_module)
  File "/usr/lib/python3.10/importlib/__init__.py", line 126, in import_module
    return _bootstrap._gcd_import(name[level:], package, level)
  File "<frozen importlib._bootstrap>", line 1050, in _gcd_import
  File "<frozen importlib._bootstrap>", line 1027, in _find_and_load
  File "<frozen importlib._bootstrap>", line 1006, in _find_and_load_unlocked
  File "<frozen importlib._bootstrap>", line 688, in _load_unlocked
  File "<frozen importlib._bootstrap_external>", line 883, in exec_module
  File "<frozen importlib._bootstrap>", line 241, in _call_with_frames_removed
  File "/home/ubuntu/BEERBUDDY/dkfriend-backend-latest/dkfriend_back/booking/urls.py", line 3, in <module>
    from .views import *
  File "/home/ubuntu/BEERBUDDY/dkfriend-backend-latest/dkfriend_back/booking/views.py", line 48
    request.data["user"] = request.user.id
    ^^^^^^^
IndentationError: expected an indented block after function definition on line 47

During handling of the above exception, another exception occurred:

Traceback (most recent call last):
  File "/usr/local/lib/python3.10/dist-packages/django/core/handlers/exception.py", line 55, in inner
    response = get_response(request)
  File "/usr/local/lib/python3.10/dist-packages/django/utils/deprecation.py", line 134, in __call__
    response = response or self.get_response(request)
  File "/usr/local/lib/python3.10/dist-packages/django/core/handlers/exception.py", line 57, in inner
    response = response_for_exception(request, exc)
  File "/usr/local/lib/python3.10/dist-packages/django/core/handlers/exception.py", line 140, in response_for_exception
    response = handle_uncaught_exception(
  File "/usr/local/lib/python3.10/dist-packages/django/core/handlers/exception.py", line 181, in handle_uncaught_exception
    return debug.technical_500_response(request, *exc_info)
  File "/usr/local/lib/python3.10/dist-packages/django/views/debug.py", line 67, in technical_500_response
    html = reporter.get_traceback_html()
  File "/usr/local/lib/python3.10/dist-packages/django/views/debug.py", line 410, in get_traceback_html
    c = Context(self.get_traceback_data(), use_l10n=False)
  File "/usr/local/lib/python3.10/dist-packages/django/views/debug.py", line 393, in get_traceback_data
    c["raising_view_name"] = get_caller(self.request)
  File "/usr/local/lib/python3.10/dist-packages/django/views/debug.py", line 100, in get_caller
    resolver_match = resolve(request.path)
  File "/usr/local/lib/python3.10/dist-packages/django/urls/base.py", line 24, in resolve
    return get_resolver(urlconf).resolve(path)
  File "/usr/local/lib/python3.10/dist-packages/django/urls/resolvers.py", line 663, in resolve
    for pattern in self.url_patterns:
  File "/usr/local/lib/python3.10/dist-packages/django/utils/functional.py", line 57, in __get__
    res = instance.__dict__[self.name] = self.func(instance)
  File "/usr/local/lib/python3.10/dist-packages/django/urls/resolvers.py", line 715, in url_patterns
    patterns = getattr(self.urlconf_module, "urlpatterns", self.urlconf_module)
  File "/usr/local/lib/python3.10/dist-packages/django/utils/functional.py", line 57, in __get__
    res = instance.__dict__[self.name] = self.func(instance)
  File "/usr/local/lib/python3.10/dist-packages/django/urls/resolvers.py", line 708, in urlconf_module
    return import_module(self.urlconf_name)
  File "/usr/lib/python3.10/importlib/__init__.py", line 126, in import_module
    return _bootstrap._gcd_import(name[level:], package, level)
  File "<frozen importlib._bootstrap>", line 1050, in _gcd_import
  File "<frozen importlib._bootstrap>", line 1027, in _find_and_load
  File "<frozen importlib._bootstrap>", line 1006, in _find_and_load_unlocked
  File "<frozen importlib._bootstrap>", line 688, in _load_unlocked
  File "<frozen importlib._bootstrap_external>", line 883, in exec_module
  File "<frozen importlib._bootstrap>", line 241, in _call_with_frames_removed
  File "/home/ubuntu/BEERBUDDY/dkfriend-backend-latest/dkfriend_back/dkfriend_back/urls.py", line 28, in <module>
    path("bookings/", include("booking.urls")),
  File "/usr/local/lib/python3.10/dist-packages/django/urls/conf.py", line 38, in include
    urlconf_module = import_module(urlconf_module)
  File "/usr/lib/python3.10/importlib/__init__.py", line 126, in import_module
    return _bootstrap._gcd_import(name[level:], package, level)
  File "<frozen importlib._bootstrap>", line 1050, in _gcd_import
  File "<frozen importlib._bootstrap>", line 1027, in _find_and_load
  File "<frozen importlib._bootstrap>", line 1006, in _find_and_load_unlocked
  File "<frozen importlib._bootstrap>", line 688, in _load_unlocked
  File "<frozen importlib._bootstrap_external>", line 883, in exec_module
  File "<frozen importlib._bootstrap>", line 241, in _call_with_frames_removed
  File "/home/ubuntu/BEERBUDDY/dkfriend-backend-latest/dkfriend_back/booking/urls.py", line 3, in <module>
    from .views import *
  File "/home/ubuntu/BEERBUDDY/dkfriend-backend-latest/dkfriend_back/booking/views.py", line 48
    request.data["user"] = request.user.id
    ^^^^^^^
IndentationError: expected an indented block after function definition on line 47

During handling of the above exception, another exception occurred:

Traceback (most recent call last):
  File "/usr/local/lib/python3.10/dist-packages/django/core/handlers/exception.py", line 55, in inner
    response = get_response(request)
  File "/usr/local/lib/python3.10/dist-packages/django/utils/deprecation.py", line 134, in __call__
    response = response or self.get_response(request)
  File "/usr/local/lib/python3.10/dist-packages/django/core/handlers/exception.py", line 57, in inner
    response = response_for_exception(request, exc)
  File "/usr/local/lib/python3.10/dist-packages/django/core/handlers/exception.py", line 140, in response_for_exception
    response = handle_uncaught_exception(
  File "/usr/local/lib/python3.10/dist-packages/django/core/handlers/exception.py", line 181, in handle_uncaught_exception
    return debug.technical_500_response(request, *exc_info)
  File "/usr/local/lib/python3.10/dist-packages/django/views/debug.py", line 67, in technical_500_response
    html = reporter.get_traceback_html()
  File "/usr/local/lib/python3.10/dist-packages/django/views/debug.py", line 410, in get_traceback_html
    c = Context(self.get_traceback_data(), use_l10n=False)
  File "/usr/local/lib/python3.10/dist-packages/django/views/debug.py", line 393, in get_traceback_data
    c["raising_view_name"] = get_caller(self.request)
  File "/usr/local/lib/python3.10/dist-packages/django/views/debug.py", line 100, in get_caller
    resolver_match = resolve(request.path)
  File "/usr/local/lib/python3.10/dist-packages/django/urls/base.py", line 24, in resolve
    return get_resolver(urlconf).resolve(path)
  File "/usr/local/lib/python3.10/dist-packages/django/urls/resolvers.py", line 663, in resolve
    for pattern in self.url_patterns:
  File "/usr/local/lib/python3.10/dist-packages/django/utils/functional.py", line 57, in __get__
    res = instance.__dict__[self.name] = self.func(instance)
  File "/usr/local/lib/python3.10/dist-packages/django/urls/resolvers.py", line 715, in url_patterns
    patterns = getattr(self.urlconf_module, "urlpatterns", self.urlconf_module)
  File "/usr/local/lib/python3.10/dist-packages/django/utils/functional.py", line 57, in __get__
    res = instance.__dict__[self.name] = self.func(instance)
  File "/usr/local/lib/python3.10/dist-packages/django/urls/resolvers.py", line 708, in urlconf_module
    return import_module(self.urlconf_name)
  File "/usr/lib/python3.10/importlib/__init__.py", line 126, in import_module
    return _bootstrap._gcd_import(name[level:], package, level)
  File "<frozen importlib._bootstrap>", line 1050, in _gcd_import
  File "<frozen importlib._bootstrap>", line 1027, in _find_and_load
  File "<frozen importlib._bootstrap>", line 1006, in _find_and_load_unlocked
  File "<frozen importlib._bootstrap>", line 688, in _load_unlocked
  File "<frozen importlib._bootstrap_external>", line 883, in exec_module
  File "<frozen importlib._bootstrap>", line 241, in _call_with_frames_removed
  File "/home/ubuntu/BEERBUDDY/dkfriend-backend-latest/dkfriend_back/dkfriend_back/urls.py", line 28, in <module>
    path("bookings/", include("booking.urls")),
  File "/usr/local/lib/python3.10/dist-packages/django/urls/conf.py", line 38, in include
    urlconf_module = import_module(urlconf_module)
  File "/usr/lib/python3.10/importlib/__init__.py", line 126, in import_module
    return _bootstrap._gcd_import(name[level:], package, level)
  File "<frozen importlib._bootstrap>", line 1050, in _gcd_import
  File "<frozen importlib._bootstrap>", line 1027, in _find_and_load
  File "<frozen importlib._bootstrap>", line 1006, in _find_and_load_unlocked
  File "<frozen importlib._bootstrap>", line 688, in _load_unlocked
  File "<frozen importlib._bootstrap_external>", line 883, in exec_module
  File "<frozen importlib._bootstrap>", line 241, in _call_with_frames_removed
  File "/home/ubuntu/BEERBUDDY/dkfriend-backend-latest/dkfriend_back/booking/urls.py", line 3, in <module>
    from .views import *
  File "/home/ubuntu/BEERBUDDY/dkfriend-backend-latest/dkfriend_back/booking/views.py", line 48
    request.data["user"] = request.user.id
    ^^^^^^^
IndentationError: expected an indented block after function definition on line 47

During handling of the above exception, another exception occurred:

Traceback (most recent call last):
  File "/usr/local/lib/python3.10/dist-packages/django/core/handlers/exception.py", line 55, in inner
    response = get_response(request)
  File "/usr/local/lib/python3.10/dist-packages/django/utils/deprecation.py", line 134, in __call__
    response = response or self.get_response(request)
  File "/usr/local/lib/python3.10/dist-packages/django/core/handlers/exception.py", line 57, in inner
    response = response_for_exception(request, exc)
  File "/usr/local/lib/python3.10/dist-packages/django/core/handlers/exception.py", line 140, in response_for_exception
    response = handle_uncaught_exception(
  File "/usr/local/lib/python3.10/dist-packages/django/core/handlers/exception.py", line 181, in handle_uncaught_exception
    return debug.technical_500_response(request, *exc_info)
  File "/usr/local/lib/python3.10/dist-packages/django/views/debug.py", line 67, in technical_500_response
    html = reporter.get_traceback_html()
  File "/usr/local/lib/python3.10/dist-packages/django/views/debug.py", line 410, in get_traceback_html
    c = Context(self.get_traceback_data(), use_l10n=False)
  File "/usr/local/lib/python3.10/dist-packages/django/views/debug.py", line 393, in get_traceback_data
    c["raising_view_name"] = get_caller(self.request)
  File "/usr/local/lib/python3.10/dist-packages/django/views/debug.py", line 100, in get_caller
    resolver_match = resolve(request.path)
  File "/usr/local/lib/python3.10/dist-packages/django/urls/base.py", line 24, in resolve
    return get_resolver(urlconf).resolve(path)
  File "/usr/local/lib/python3.10/dist-packages/django/urls/resolvers.py", line 663, in resolve
    for pattern in self.url_patterns:
  File "/usr/local/lib/python3.10/dist-packages/django/utils/functional.py", line 57, in __get__
    res = instance.__dict__[self.name] = self.func(instance)
  File "/usr/local/lib/python3.10/dist-packages/django/urls/resolvers.py", line 715, in url_patterns
    patterns = getattr(self.urlconf_module, "urlpatterns", self.urlconf_module)
  File "/usr/local/lib/python3.10/dist-packages/django/utils/functional.py", line 57, in __get__
    res = instance.__dict__[self.name] = self.func(instance)
  File "/usr/local/lib/python3.10/dist-packages/django/urls/resolvers.py", line 708, in urlconf_module
    return import_module(self.urlconf_name)
  File "/usr/lib/python3.10/importlib/__init__.py", line 126, in import_module
    return _bootstrap._gcd_import(name[level:], package, level)
  File "<frozen importlib._bootstrap>", line 1050, in _gcd_import
  File "<frozen importlib._bootstrap>", line 1027, in _find_and_load
  File "<frozen importlib._bootstrap>", line 1006, in _find_and_load_unlocked
  File "<frozen importlib._bootstrap>", line 688, in _load_unlocked
  File "<frozen importlib._bootstrap_external>", line 883, in exec_module
  File "<frozen importlib._bootstrap>", line 241, in _call_with_frames_removed
  File "/home/ubuntu/BEERBUDDY/dkfriend-backend-latest/dkfriend_back/dkfriend_back/urls.py", line 28, in <module>
    path("bookings/", include("booking.urls")),
  File "/usr/local/lib/python3.10/dist-packages/django/urls/conf.py", line 38, in include
    urlconf_module = import_module(urlconf_module)
  File "/usr/lib/python3.10/importlib/__init__.py", line 126, in import_module
    return _bootstrap._gcd_import(name[level:], package, level)
  File "<frozen importlib._bootstrap>", line 1050, in _gcd_import
  File "<frozen importlib._bootstrap>", line 1027, in _find_and_load
  File "<frozen importlib._bootstrap>", line 1006, in _find_and_load_unlocked
  File "<frozen importlib._bootstrap>", line 688, in _load_unlocked
  File "<frozen importlib._bootstrap_external>", line 883, in exec_module
  File "<frozen importlib._bootstrap>", line 241, in _call_with_frames_removed
  File "/home/ubuntu/BEERBUDDY/dkfriend-backend-latest/dkfriend_back/booking/urls.py", line 3, in <module>
    from .views import *
  File "/home/ubuntu/BEERBUDDY/dkfriend-backend-latest/dkfriend_back/booking/views.py", line 48
    request.data["user"] = request.user.id
    ^^^^^^^
IndentationError: expected an indented block after function definition on line 47

During handling of the above exception, another exception occurred:

Traceback (most recent call last):
  File "/usr/local/lib/python3.10/dist-packages/django/core/handlers/exception.py", line 55, in inner
    response = get_response(request)
  File "/usr/local/lib/python3.10/dist-packages/django/utils/deprecation.py", line 134, in __call__
    response = response or self.get_response(request)
  File "/usr/local/lib/python3.10/dist-packages/django/core/handlers/exception.py", line 57, in inner
    response = response_for_exception(request, exc)
  File "/usr/local/lib/python3.10/dist-packages/django/core/handlers/exception.py", line 140, in response_for_exception
    response = handle_uncaught_exception(
  File "/usr/local/lib/python3.10/dist-packages/django/core/handlers/exception.py", line 181, in handle_uncaught_exception
    return debug.technical_500_response(request, *exc_info)
  File "/usr/local/lib/python3.10/dist-packages/django/views/debug.py", line 67, in technical_500_response
    html = reporter.get_traceback_html()
  File "/usr/local/lib/python3.10/dist-packages/django/views/debug.py", line 410, in get_traceback_html
    c = Context(self.get_traceback_data(), use_l10n=False)
  File "/usr/local/lib/python3.10/dist-packages/django/views/debug.py", line 393, in get_traceback_data
    c["raising_view_name"] = get_caller(self.request)
  File "/usr/local/lib/python3.10/dist-packages/django/views/debug.py", line 100, in get_caller
    resolver_match = resolve(request.path)
  File "/usr/local/lib/python3.10/dist-packages/django/urls/base.py", line 24, in resolve
    return get_resolver(urlconf).resolve(path)
  File "/usr/local/lib/python3.10/dist-packages/django/urls/resolvers.py", line 663, in resolve
    for pattern in self.url_patterns:
  File "/usr/local/lib/python3.10/dist-packages/django/utils/functional.py", line 57, in __get__
    res = instance.__dict__[self.name] = self.func(instance)
  File "/usr/local/lib/python3.10/dist-packages/django/urls/resolvers.py", line 715, in url_patterns
    patterns = getattr(self.urlconf_module, "urlpatterns", self.urlconf_module)
  File "/usr/local/lib/python3.10/dist-packages/django/utils/functional.py", line 57, in __get__
    res = instance.__dict__[self.name] = self.func(instance)
  File "/usr/local/lib/python3.10/dist-packages/django/urls/resolvers.py", line 708, in urlconf_module
    return import_module(self.urlconf_name)
  File "/usr/lib/python3.10/importlib/__init__.py", line 126, in import_module
    return _bootstrap._gcd_import(name[level:], package, level)
  File "<frozen importlib._bootstrap>", line 1050, in _gcd_import
  File "<frozen importlib._bootstrap>", line 1027, in _find_and_load
  File "<frozen importlib._bootstrap>", line 1006, in _find_and_load_unlocked
  File "<frozen importlib._bootstrap>", line 688, in _load_unlocked
  File "<frozen importlib._bootstrap_external>", line 883, in exec_module
  File "<frozen importlib._bootstrap>", line 241, in _call_with_frames_removed
  File "/home/ubuntu/BEERBUDDY/dkfriend-backend-latest/dkfriend_back/dkfriend_back/urls.py", line 28, in <module>
    path("bookings/", include("booking.urls")),
  File "/usr/local/lib/python3.10/dist-packages/django/urls/conf.py", line 38, in include
    urlconf_module = import_module(urlconf_module)
  File "/usr/lib/python3.10/importlib/__init__.py", line 126, in import_module
    return _bootstrap._gcd_import(name[level:], package, level)
  File "<frozen importlib._bootstrap>", line 1050, in _gcd_import
  File "<frozen importlib._bootstrap>", line 1027, in _find_and_load
  File "<frozen importlib._bootstrap>", line 1006, in _find_and_load_unlocked
  File "<frozen importlib._bootstrap>", line 688, in _load_unlocked
  File "<frozen importlib._bootstrap_external>", line 883, in exec_module
  File "<frozen importlib._bootstrap>", line 241, in _call_with_frames_removed
  File "/home/ubuntu/BEERBUDDY/dkfriend-backend-latest/dkfriend_back/booking/urls.py", line 3, in <module>
    from .views import *
  File "/home/ubuntu/BEERBUDDY/dkfriend-backend-latest/dkfriend_back/booking/views.py", line 48
    request.data["user"] = request.user.id
    ^^^^^^^
IndentationError: expected an indented block after function definition on line 47

During handling of the above exception, another exception occurred:

Traceback (most recent call last):
  File "/usr/local/lib/python3.10/dist-packages/django/core/handlers/exception.py", line 55, in inner
    response = get_response(request)
  File "/usr/local/lib/python3.10/dist-packages/django/utils/deprecation.py", line 134, in __call__
    response = response or self.get_response(request)
  File "/usr/local/lib/python3.10/dist-packages/django/core/handlers/exception.py", line 57, in inner
    response = response_for_exception(request, exc)
  File "/usr/local/lib/python3.10/dist-packages/django/core/handlers/exception.py", line 140, in response_for_exception
    response = handle_uncaught_exception(
  File "/usr/local/lib/python3.10/dist-packages/django/core/handlers/exception.py", line 181, in handle_uncaught_exception
    return debug.technical_500_response(request, *exc_info)
  File "/usr/local/lib/python3.10/dist-packages/django/views/debug.py", line 67, in technical_500_response
    html = reporter.get_traceback_html()
  File "/usr/local/lib/python3.10/dist-packages/django/views/debug.py", line 410, in get_traceback_html
    c = Context(self.get_traceback_data(), use_l10n=False)
  File "/usr/local/lib/python3.10/dist-packages/django/views/debug.py", line 393, in get_traceback_data
    c["raising_view_name"] = get_caller(self.request)
  File "/usr/local/lib/python3.10/dist-packages/django/views/debug.py", line 100, in get_caller
    resolver_match = resolve(request.path)
  File "/usr/local/lib/python3.10/dist-packages/django/urls/base.py", line 24, in resolve
    return get_resolver(urlconf).resolve(path)
  File "/usr/local/lib/python3.10/dist-packages/django/urls/resolvers.py", line 663, in resolve
    for pattern in self.url_patterns:
  File "/usr/local/lib/python3.10/dist-packages/django/utils/functional.py", line 57, in __get__
    res = instance.__dict__[self.name] = self.func(instance)
  File "/usr/local/lib/python3.10/dist-packages/django/urls/resolvers.py", line 715, in url_patterns
    patterns = getattr(self.urlconf_module, "urlpatterns", self.urlconf_module)
  File "/usr/local/lib/python3.10/dist-packages/django/utils/functional.py", line 57, in __get__
    res = instance.__dict__[self.name] = self.func(instance)
  File "/usr/local/lib/python3.10/dist-packages/django/urls/resolvers.py", line 708, in urlconf_module
    return import_module(self.urlconf_name)
  File "/usr/lib/python3.10/importlib/__init__.py", line 126, in import_module
    return _bootstrap._gcd_import(name[level:], package, level)
  File "<frozen importlib._bootstrap>", line 1050, in _gcd_import
  File "<frozen importlib._bootstrap>", line 1027, in _find_and_load
  File "<frozen importlib._bootstrap>", line 1006, in _find_and_load_unlocked
  File "<frozen importlib._bootstrap>", line 688, in _load_unlocked
  File "<frozen importlib._bootstrap_external>", line 883, in exec_module
  File "<frozen importlib._bootstrap>", line 241, in _call_with_frames_removed
  File "/home/ubuntu/BEERBUDDY/dkfriend-backend-latest/dkfriend_back/dkfriend_back/urls.py", line 28, in <module>
    path("bookings/", include("booking.urls")),
  File "/usr/local/lib/python3.10/dist-packages/django/urls/conf.py", line 38, in include
    urlconf_module = import_module(urlconf_module)
  File "/usr/lib/python3.10/importlib/__init__.py", line 126, in import_module
    return _bootstrap._gcd_import(name[level:], package, level)
  File "<frozen importlib._bootstrap>", line 1050, in _gcd_import
  File "<frozen importlib._bootstrap>", line 1027, in _find_and_load
  File "<frozen importlib._bootstrap>", line 1006, in _find_and_load_unlocked
  File "<frozen importlib._bootstrap>", line 688, in _load_unlocked
  File "<frozen importlib._bootstrap_external>", line 883, in exec_module
  File "<frozen importlib._bootstrap>", line 241, in _call_with_frames_removed
  File "/home/ubuntu/BEERBUDDY/dkfriend-backend-latest/dkfriend_back/booking/urls.py", line 3, in <module>
    from .views import *
  File "/home/ubuntu/BEERBUDDY/dkfriend-backend-latest/dkfriend_back/booking/views.py", line 48
    request.data["user"] = request.user.id
    ^^^^^^^
IndentationError: expected an indented block after function definition on line 47

During handling of the above exception, another exception occurred:

Traceback (most recent call last):
  File "/usr/local/lib/python3.10/dist-packages/django/core/handlers/exception.py", line 55, in inner
    response = get_response(request)
  File "/usr/local/lib/python3.10/dist-packages/django/utils/deprecation.py", line 134, in __call__
    response = response or self.get_response(request)
  File "/usr/local/lib/python3.10/dist-packages/django/core/handlers/exception.py", line 57, in inner
    response = response_for_exception(request, exc)
  File "/usr/local/lib/python3.10/dist-packages/django/core/handlers/exception.py", line 140, in response_for_exception
    response = handle_uncaught_exception(
  File "/usr/local/lib/python3.10/dist-packages/django/core/handlers/exception.py", line 181, in handle_uncaught_exception
    return debug.technical_500_response(request, *exc_info)
  File "/usr/local/lib/python3.10/dist-packages/django/views/debug.py", line 67, in technical_500_response
    html = reporter.get_traceback_html()
  File "/usr/local/lib/python3.10/dist-packages/django/views/debug.py", line 410, in get_traceback_html
    c = Context(self.get_traceback_data(), use_l10n=False)
  File "/usr/local/lib/python3.10/dist-packages/django/views/debug.py", line 393, in get_traceback_data
    c["raising_view_name"] = get_caller(self.request)
  File "/usr/local/lib/python3.10/dist-packages/django/views/debug.py", line 100, in get_caller
    resolver_match = resolve(request.path)
  File "/usr/local/lib/python3.10/dist-packages/django/urls/base.py", line 24, in resolve
    return get_resolver(urlconf).resolve(path)
  File "/usr/local/lib/python3.10/dist-packages/django/urls/resolvers.py", line 663, in resolve
    for pattern in self.url_patterns:
  File "/usr/local/lib/python3.10/dist-packages/django/utils/functional.py", line 57, in __get__
    res = instance.__dict__[self.name] = self.func(instance)
  File "/usr/local/lib/python3.10/dist-packages/django/urls/resolvers.py", line 715, in url_patterns
    patterns = getattr(self.urlconf_module, "urlpatterns", self.urlconf_module)
  File "/usr/local/lib/python3.10/dist-packages/django/utils/functional.py", line 57, in __get__
    res = instance.__dict__[self.name] = self.func(instance)
  File "/usr/local/lib/python3.10/dist-packages/django/urls/resolvers.py", line 708, in urlconf_module
    return import_module(self.urlconf_name)
  File "/usr/lib/python3.10/importlib/__init__.py", line 126, in import_module
    return _bootstrap._gcd_import(name[level:], package, level)
  File "<frozen importlib._bootstrap>", line 1050, in _gcd_import
  File "<frozen importlib._bootstrap>", line 1027, in _find_and_load
  File "<frozen importlib._bootstrap>", line 1006, in _find_and_load_unlocked
  File "<frozen importlib._bootstrap>", line 688, in _load_unlocked
  File "<frozen importlib._bootstrap_external>", line 883, in exec_module
  File "<frozen importlib._bootstrap>", line 241, in _call_with_frames_removed
  File "/home/ubuntu/BEERBUDDY/dkfriend-backend-latest/dkfriend_back/dkfriend_back/urls.py", line 28, in <module>
    path("bookings/", include("booking.urls")),
  File "/usr/local/lib/python3.10/dist-packages/django/urls/conf.py", line 38, in include
    urlconf_module = import_module(urlconf_module)
  File "/usr/lib/python3.10/importlib/__init__.py", line 126, in import_module
    return _bootstrap._gcd_import(name[level:], package, level)
  File "<frozen importlib._bootstrap>", line 1050, in _gcd_import
  File "<frozen importlib._bootstrap>", line 1027, in _find_and_load
  File "<frozen importlib._bootstrap>", line 1006, in _find_and_load_unlocked
  File "<frozen importlib._bootstrap>", line 688, in _load_unlocked
  File "<frozen importlib._bootstrap_external>", line 883, in exec_module
  File "<frozen importlib._bootstrap>", line 241, in _call_with_frames_removed
  File "/home/ubuntu/BEERBUDDY/dkfriend-backend-latest/dkfriend_back/booking/urls.py", line 3, in <module>
    from .views import *
  File "/home/ubuntu/BEERBUDDY/dkfriend-backend-latest/dkfriend_back/booking/views.py", line 48
    request.data["user"] = request.user.id
    ^^^^^^^
IndentationError: expected an indented block after function definition on line 47

During handling of the above exception, another exception occurred:

Traceback (most recent call last):
  File "/usr/local/lib/python3.10/dist-packages/django/core/handlers/exception.py", line 55, in inner
    response = get_response(request)
  File "/usr/local/lib/python3.10/dist-packages/django/utils/deprecation.py", line 134, in __call__
    response = response or self.get_response(request)
  File "/usr/local/lib/python3.10/dist-packages/django/core/handlers/exception.py", line 57, in inner
    response = response_for_exception(request, exc)
  File "/usr/local/lib/python3.10/dist-packages/django/core/handlers/exception.py", line 140, in response_for_exception
    response = handle_uncaught_exception(
  File "/usr/local/lib/python3.10/dist-packages/django/core/handlers/exception.py", line 181, in handle_uncaught_exception
    return debug.technical_500_response(request, *exc_info)
  File "/usr/local/lib/python3.10/dist-packages/django/views/debug.py", line 67, in technical_500_response
    html = reporter.get_traceback_html()
  File "/usr/local/lib/python3.10/dist-packages/django/views/debug.py", line 410, in get_traceback_html
    c = Context(self.get_traceback_data(), use_l10n=False)
  File "/usr/local/lib/python3.10/dist-packages/django/views/debug.py", line 393, in get_traceback_data
    c["raising_view_name"] = get_caller(self.request)
  File "/usr/local/lib/python3.10/dist-packages/django/views/debug.py", line 100, in get_caller
    resolver_match = resolve(request.path)
  File "/usr/local/lib/python3.10/dist-packages/django/urls/base.py", line 24, in resolve
    return get_resolver(urlconf).resolve(path)
  File "/usr/local/lib/python3.10/dist-packages/django/urls/resolvers.py", line 663, in resolve
    for pattern in self.url_patterns:
  File "/usr/local/lib/python3.10/dist-packages/django/utils/functional.py", line 57, in __get__
    res = instance.__dict__[self.name] = self.func(instance)
  File "/usr/local/lib/python3.10/dist-packages/django/urls/resolvers.py", line 715, in url_patterns
    patterns = getattr(self.urlconf_module, "urlpatterns", self.urlconf_module)
  File "/usr/local/lib/python3.10/dist-packages/django/utils/functional.py", line 57, in __get__
    res = instance.__dict__[self.name] = self.func(instance)
  File "/usr/local/lib/python3.10/dist-packages/django/urls/resolvers.py", line 708, in urlconf_module
    return import_module(self.urlconf_name)
  File "/usr/lib/python3.10/importlib/__init__.py", line 126, in import_module
    return _bootstrap._gcd_import(name[level:], package, level)
  File "<frozen importlib._bootstrap>", line 1050, in _gcd_import
  File "<frozen importlib._bootstrap>", line 1027, in _find_and_load
  File "<frozen importlib._bootstrap>", line 1006, in _find_and_load_unlocked
  File "<frozen importlib._bootstrap>", line 688, in _load_unlocked
  File "<frozen importlib._bootstrap_external>", line 883, in exec_module
  File "<frozen importlib._bootstrap>", line 241, in _call_with_frames_removed
  File "/home/ubuntu/BEERBUDDY/dkfriend-backend-latest/dkfriend_back/dkfriend_back/urls.py", line 28, in <module>
    path("bookings/", include("booking.urls")),
  File "/usr/local/lib/python3.10/dist-packages/django/urls/conf.py", line 38, in include
    urlconf_module = import_module(urlconf_module)
  File "/usr/lib/python3.10/importlib/__init__.py", line 126, in import_module
    return _bootstrap._gcd_import(name[level:], package, level)
  File "<frozen importlib._bootstrap>", line 1050, in _gcd_import
  File "<frozen importlib._bootstrap>", line 1027, in _find_and_load
  File "<frozen importlib._bootstrap>", line 1006, in _find_and_load_unlocked
  File "<frozen importlib._bootstrap>", line 688, in _load_unlocked
  File "<frozen importlib._bootstrap_external>", line 883, in exec_module
  File "<frozen importlib._bootstrap>", line 241, in _call_with_frames_removed
  File "/home/ubuntu/BEERBUDDY/dkfriend-backend-latest/dkfriend_back/booking/urls.py", line 3, in <module>
    from .views import *
  File "/home/ubuntu/BEERBUDDY/dkfriend-backend-latest/dkfriend_back/booking/views.py", line 48
    request.data["user"] = request.user.id
    ^^^^^^^
IndentationError: expected an indented block after function definition on line 47

During handling of the above exception, another exception occurred:

Traceback (most recent call last):
  File "/usr/local/lib/python3.10/dist-packages/django/core/handlers/exception.py", line 55, in inner
    response = get_response(request)
  File "/usr/local/lib/python3.10/dist-packages/corsheaders/middleware.py", line 56, in __call__
    result = self.get_response(request)
  File "/usr/local/lib/python3.10/dist-packages/django/core/handlers/exception.py", line 57, in inner
    response = response_for_exception(request, exc)
  File "/usr/local/lib/python3.10/dist-packages/django/core/handlers/exception.py", line 140, in response_for_exception
    response = handle_uncaught_exception(
  File "/usr/local/lib/python3.10/dist-packages/django/core/handlers/exception.py", line 181, in handle_uncaught_exception
    return debug.technical_500_response(request, *exc_info)
  File "/usr/local/lib/python3.10/dist-packages/django/views/debug.py", line 67, in technical_500_response
    html = reporter.get_traceback_html()
  File "/usr/local/lib/python3.10/dist-packages/django/views/debug.py", line 410, in get_traceback_html
    c = Context(self.get_traceback_data(), use_l10n=False)
  File "/usr/local/lib/python3.10/dist-packages/django/views/debug.py", line 393, in get_traceback_data
    c["raising_view_name"] = get_caller(self.request)
  File "/usr/local/lib/python3.10/dist-packages/django/views/debug.py", line 100, in get_caller
    resolver_match = resolve(request.path)
  File "/usr/local/lib/python3.10/dist-packages/django/urls/base.py", line 24, in resolve
    return get_resolver(urlconf).resolve(path)
  File "/usr/local/lib/python3.10/dist-packages/django/urls/resolvers.py", line 663, in resolve
    for pattern in self.url_patterns:
  File "/usr/local/lib/python3.10/dist-packages/django/utils/functional.py", line 57, in __get__
    res = instance.__dict__[self.name] = self.func(instance)
  File "/usr/local/lib/python3.10/dist-packages/django/urls/resolvers.py", line 715, in url_patterns
    patterns = getattr(self.urlconf_module, "urlpatterns", self.urlconf_module)
  File "/usr/local/lib/python3.10/dist-packages/django/utils/functional.py", line 57, in __get__
    res = instance.__dict__[self.name] = self.func(instance)
  File "/usr/local/lib/python3.10/dist-packages/django/urls/resolvers.py", line 708, in urlconf_module
    return import_module(self.urlconf_name)
  File "/usr/lib/python3.10/importlib/__init__.py", line 126, in import_module
    return _bootstrap._gcd_import(name[level:], package, level)
  File "<frozen importlib._bootstrap>", line 1050, in _gcd_import
  File "<frozen importlib._bootstrap>", line 1027, in _find_and_load
  File "<frozen importlib._bootstrap>", line 1006, in _find_and_load_unlocked
  File "<frozen importlib._bootstrap>", line 688, in _load_unlocked
  File "<frozen importlib._bootstrap_external>", line 883, in exec_module
  File "<frozen importlib._bootstrap>", line 241, in _call_with_frames_removed
  File "/home/ubuntu/BEERBUDDY/dkfriend-backend-latest/dkfriend_back/dkfriend_back/urls.py", line 28, in <module>
    path("bookings/", include("booking.urls")),
  File "/usr/local/lib/python3.10/dist-packages/django/urls/conf.py", line 38, in include
    urlconf_module = import_module(urlconf_module)
  File "/usr/lib/python3.10/importlib/__init__.py", line 126, in import_module
    return _bootstrap._gcd_import(name[level:], package, level)
  File "<frozen importlib._bootstrap>", line 1050, in _gcd_import
  File "<frozen importlib._bootstrap>", line 1027, in _find_and_load
  File "<frozen importlib._bootstrap>", line 1006, in _find_and_load_unlocked
  File "<frozen importlib._bootstrap>", line 688, in _load_unlocked
  File "<frozen importlib._bootstrap_external>", line 883, in exec_module
  File "<frozen importlib._bootstrap>", line 241, in _call_with_frames_removed
  File "/home/ubuntu/BEERBUDDY/dkfriend-backend-latest/dkfriend_back/booking/urls.py", line 3, in <module>
    from .views import *
  File "/home/ubuntu/BEERBUDDY/dkfriend-backend-latest/dkfriend_back/booking/views.py", line 48
    request.data["user"] = request.user.id
    ^^^^^^^
IndentationError: expected an indented block after function definition on line 47

During handling of the above exception, another exception occurred:

Traceback (most recent call last):
  File "/usr/local/lib/python3.10/dist-packages/gunicorn/workers/sync.py", line 135, in handle
    self.handle_request(listener, req, client, addr)
  File "/usr/local/lib/python3.10/dist-packages/gunicorn/workers/sync.py", line 178, in handle_request
    respiter = self.wsgi(environ, resp.start_response)
  File "/usr/local/lib/python3.10/dist-packages/django/core/handlers/wsgi.py", line 124, in __call__
    response = self.get_response(request)
  File "/usr/local/lib/python3.10/dist-packages/django/core/handlers/base.py", line 140, in get_response
    response = self._middleware_chain(request)
  File "/usr/local/lib/python3.10/dist-packages/django/core/handlers/exception.py", line 57, in inner
    response = response_for_exception(request, exc)
  File "/usr/local/lib/python3.10/dist-packages/django/core/handlers/exception.py", line 140, in response_for_exception
    response = handle_uncaught_exception(
  File "/usr/local/lib/python3.10/dist-packages/django/core/handlers/exception.py", line 181, in handle_uncaught_exception
    return debug.technical_500_response(request, *exc_info)
  File "/usr/local/lib/python3.10/dist-packages/django/views/debug.py", line 67, in technical_500_response
    html = reporter.get_traceback_html()
  File "/usr/local/lib/python3.10/dist-packages/django/views/debug.py", line 410, in get_traceback_html
    c = Context(self.get_traceback_data(), use_l10n=False)
  File "/usr/local/lib/python3.10/dist-packages/django/views/debug.py", line 393, in get_traceback_data
    c["raising_view_name"] = get_caller(self.request)
  File "/usr/local/lib/python3.10/dist-packages/django/views/debug.py", line 100, in get_caller
    resolver_match = resolve(request.path)
  File "/usr/local/lib/python3.10/dist-packages/django/urls/base.py", line 24, in resolve
    return get_resolver(urlconf).resolve(path)
  File "/usr/local/lib/python3.10/dist-packages/django/urls/resolvers.py", line 663, in resolve
    for pattern in self.url_patterns:
  File "/usr/local/lib/python3.10/dist-packages/django/utils/functional.py", line 57, in __get__
    res = instance.__dict__[self.name] = self.func(instance)
  File "/usr/local/lib/python3.10/dist-packages/django/urls/resolvers.py", line 715, in url_patterns
    patterns = getattr(self.urlconf_module, "urlpatterns", self.urlconf_module)
  File "/usr/local/lib/python3.10/dist-packages/django/utils/functional.py", line 57, in __get__
    res = instance.__dict__[self.name] = self.func(instance)
  File "/usr/local/lib/python3.10/dist-packages/django/urls/resolvers.py", line 708, in urlconf_module
    return import_module(self.urlconf_name)
  File "/usr/lib/python3.10/importlib/__init__.py", line 126, in import_module
    return _bootstrap._gcd_import(name[level:], package, level)
  File "<frozen importlib._bootstrap>", line 1050, in _gcd_import
  File "<frozen importlib._bootstrap>", line 1027, in _find_and_load
  File "<frozen importlib._bootstrap>", line 1006, in _find_and_load_unlocked
  File "<frozen importlib._bootstrap>", line 688, in _load_unlocked
  File "<frozen importlib._bootstrap_external>", line 883, in exec_module
  File "<frozen importlib._bootstrap>", line 241, in _call_with_frames_removed
  File "/home/ubuntu/BEERBUDDY/dkfriend-backend-latest/dkfriend_back/dkfriend_back/urls.py", line 28, in <module>
    path("bookings/", include("booking.urls")),
  File "/usr/local/lib/python3.10/dist-packages/django/urls/conf.py", line 38, in include
    urlconf_module = import_module(urlconf_module)
  File "/usr/lib/python3.10/importlib/__init__.py", line 126, in import_module
    return _bootstrap._gcd_import(name[level:], package, level)
  File "<frozen importlib._bootstrap>", line 1050, in _gcd_import
  File "<frozen importlib._bootstrap>", line 1027, in _find_and_load
  File "<frozen importlib._bootstrap>", line 1006, in _find_and_load_unlocked
  File "<frozen importlib._bootstrap>", line 688, in _load_unlocked
  File "<frozen importlib._bootstrap_external>", line 883, in exec_module
  File "<frozen importlib._bootstrap>", line 241, in _call_with_frames_removed
  File "/home/ubuntu/BEERBUDDY/dkfriend-backend-latest/dkfriend_back/booking/urls.py", line 3, in <module>
    from .views import *
  File "/home/ubuntu/BEERBUDDY/dkfriend-backend-latest/dkfriend_back/booking/views.py", line 48
    request.data["user"] = request.user.id
    ^^^^^^^
IndentationError: expected an indented block after function definition on line 47
[2024-07-20 09:24:03 +0000] [56867] [INFO] Handling signal: term
[2024-07-20 18:24:03 +0900] [56870] [INFO] Worker exiting (pid: 56870)
[2024-07-20 18:24:03 +0900] [56869] [INFO] Worker exiting (pid: 56869)
[2024-07-20 09:24:03 +0000] [56867] [ERROR] Worker (pid:56869) was sent SIGTERM!
[2024-07-20 09:24:03 +0000] [56867] [ERROR] Worker (pid:56870) was sent SIGTERM!
[2024-07-20 09:24:03 +0000] [56867] [INFO] Shutting down: Master
[2024-07-20 09:24:03 +0000] [56918] [INFO] Starting gunicorn 21.2.0
[2024-07-20 09:24:03 +0000] [56918] [INFO] Listening at: http://0.0.0.0:8000 (56918)
[2024-07-20 09:24:03 +0000] [56918] [INFO] Using worker: sync
[2024-07-20 09:24:03 +0000] [56919] [INFO] Booting worker with pid: 56919
[2024-07-20 09:24:03 +0000] [56920] [INFO] Booting worker with pid: 56920
[2024-07-20 09:26:52 +0000] [56918] [INFO] Handling signal: term
[2024-07-20 18:26:52 +0900] [56920] [INFO] Worker exiting (pid: 56920)
[2024-07-20 18:26:52 +0900] [56919] [INFO] Worker exiting (pid: 56919)
[2024-07-20 09:26:52 +0000] [56918] [INFO] Shutting down: Master
[2024-07-20 09:26:52 +0000] [56959] [INFO] Starting gunicorn 21.2.0
[2024-07-20 09:26:52 +0000] [56959] [INFO] Listening at: http://0.0.0.0:8000 (56959)
[2024-07-20 09:26:52 +0000] [56959] [INFO] Using worker: sync
[2024-07-20 09:26:52 +0000] [56960] [INFO] Booting worker with pid: 56960
[2024-07-20 09:26:52 +0000] [56961] [INFO] Booting worker with pid: 56961
[2024-07-20 18:28:18 +0900] [56961] [INFO] Worker exiting (pid: 56961)
[2024-07-20 09:28:18 +0000] [56959] [INFO] Handling signal: term
[2024-07-20 18:28:18 +0900] [56960] [INFO] Worker exiting (pid: 56960)
[2024-07-20 09:28:18 +0000] [56959] [ERROR] Worker (pid:56961) was sent SIGTERM!
[2024-07-20 09:28:18 +0000] [56959] [INFO] Shutting down: Master
[2024-07-20 09:28:18 +0000] [56970] [INFO] Starting gunicorn 21.2.0
[2024-07-20 09:28:18 +0000] [56970] [INFO] Listening at: http://0.0.0.0:8000 (56970)
[2024-07-20 09:28:18 +0000] [56970] [INFO] Using worker: sync
[2024-07-20 09:28:18 +0000] [56972] [INFO] Booting worker with pid: 56972
[2024-07-20 09:28:18 +0000] [56973] [INFO] Booting worker with pid: 56973
[2024-07-20 09:29:23 +0000] [56970] [INFO] Handling signal: term
[2024-07-20 18:29:23 +0900] [56972] [INFO] Worker exiting (pid: 56972)
[2024-07-20 18:29:23 +0900] [56973] [INFO] Worker exiting (pid: 56973)
[2024-07-20 09:29:23 +0000] [56970] [ERROR] Worker (pid:56972) was sent SIGTERM!
[2024-07-20 09:29:23 +0000] [56970] [ERROR] Worker (pid:56973) was sent SIGTERM!
[2024-07-20 09:29:23 +0000] [56970] [INFO] Shutting down: Master
[2024-07-20 09:29:23 +0000] [56981] [INFO] Starting gunicorn 21.2.0
[2024-07-20 09:29:23 +0000] [56981] [INFO] Listening at: http://0.0.0.0:8000 (56981)
[2024-07-20 09:29:23 +0000] [56981] [INFO] Using worker: sync
[2024-07-20 09:29:23 +0000] [56982] [INFO] Booting worker with pid: 56982
[2024-07-20 09:29:23 +0000] [56983] [INFO] Booting worker with pid: 56983
[2024-07-20 18:38:42 +0900] [56983] [INFO] Worker exiting (pid: 56983)
[2024-07-20 18:38:42 +0900] [56982] [INFO] Worker exiting (pid: 56982)
[2024-07-20 09:38:42 +0000] [56981] [INFO] Handling signal: term
[2024-07-20 09:38:42 +0000] [56981] [ERROR] Worker (pid:56983) was sent SIGTERM!
[2024-07-20 09:38:42 +0000] [56981] [ERROR] Worker (pid:56982) was sent SIGTERM!
[2024-07-20 09:38:42 +0000] [56981] [INFO] Shutting down: Master
[2024-07-20 09:38:42 +0000] [57010] [INFO] Starting gunicorn 21.2.0
[2024-07-20 09:38:42 +0000] [57010] [INFO] Listening at: http://0.0.0.0:8000 (57010)
[2024-07-20 09:38:42 +0000] [57010] [INFO] Using worker: sync
[2024-07-20 09:38:42 +0000] [57013] [INFO] Booting worker with pid: 57013
[2024-07-20 09:38:42 +0000] [57014] [INFO] Booting worker with pid: 57014
[2024-07-20 18:46:49 +0900] [57014] [INFO] Worker exiting (pid: 57014)
[2024-07-20 18:46:49 +0900] [57013] [INFO] Worker exiting (pid: 57013)
[2024-07-20 09:46:49 +0000] [57010] [INFO] Handling signal: term
[2024-07-20 09:46:49 +0000] [57010] [ERROR] Worker (pid:57013) was sent SIGTERM!
[2024-07-20 09:46:49 +0000] [57010] [ERROR] Worker (pid:57014) was sent SIGTERM!
[2024-07-20 09:46:49 +0000] [57010] [INFO] Shutting down: Master
[2024-07-20 09:46:49 +0000] [57088] [INFO] Starting gunicorn 21.2.0
[2024-07-20 09:46:49 +0000] [57088] [INFO] Listening at: http://0.0.0.0:8000 (57088)
[2024-07-20 09:46:49 +0000] [57088] [INFO] Using worker: sync
[2024-07-20 09:46:49 +0000] [57091] [INFO] Booting worker with pid: 57091
[2024-07-20 09:46:49 +0000] [57092] [INFO] Booting worker with pid: 57092
[2024-07-20 18:54:37 +0900] [57091] [INFO] Worker exiting (pid: 57091)
[2024-07-20 18:54:37 +0900] [57092] [INFO] Worker exiting (pid: 57092)
[2024-07-20 09:54:37 +0000] [57088] [INFO] Handling signal: term
[2024-07-20 09:54:37 +0000] [57088] [ERROR] Worker (pid:57091) was sent SIGTERM!
[2024-07-20 09:54:37 +0000] [57088] [ERROR] Worker (pid:57092) was sent SIGTERM!
[2024-07-20 09:54:37 +0000] [57088] [INFO] Shutting down: Master
[2024-07-20 09:54:37 +0000] [57108] [INFO] Starting gunicorn 21.2.0
[2024-07-20 09:54:37 +0000] [57108] [INFO] Listening at: http://0.0.0.0:8000 (57108)
[2024-07-20 09:54:37 +0000] [57108] [INFO] Using worker: sync
[2024-07-20 09:54:37 +0000] [57111] [INFO] Booting worker with pid: 57111
[2024-07-20 09:54:37 +0000] [57112] [INFO] Booting worker with pid: 57112
[2024-07-20 18:55:55 +0900] [57111] [INFO] Worker exiting (pid: 57111)
[2024-07-20 09:55:55 +0000] [57108] [INFO] Handling signal: term
[2024-07-20 18:55:55 +0900] [57112] [INFO] Worker exiting (pid: 57112)
[2024-07-20 09:55:55 +0000] [57108] [ERROR] Worker (pid:57111) was sent SIGTERM!
[2024-07-20 09:55:55 +0000] [57108] [INFO] Shutting down: Master
[2024-07-20 09:55:55 +0000] [57118] [INFO] Starting gunicorn 21.2.0
[2024-07-20 09:55:55 +0000] [57118] [INFO] Listening at: http://0.0.0.0:8000 (57118)
[2024-07-20 09:55:55 +0000] [57118] [INFO] Using worker: sync
[2024-07-20 09:55:55 +0000] [57120] [INFO] Booting worker with pid: 57120
[2024-07-20 09:55:55 +0000] [57121] [INFO] Booting worker with pid: 57121
